user_1,user_2,user_3,user_4,user_5,user_6,user_7,user_8,user_9,user_10,user_11,user_12,user_13,user_14,user_15,user_16,user_17,user_18,user_19,user_20,user_21,user_22,user_23,user_24,user_25,user_26,user_27,user_28,user_29,user_30,user_31,user_32,user_33,user_34,user_35,user_36,user_37,user_38,user_39,user_40,user_41,user_42,user_43,user_44,user_45,user_46,user_47,user_48,user_49,user_50
ZMP8McAwdwg,J9pXeziqdLc,bpnowuf7YmE,JR1DUoBLyQ4,MCaljpu1bW4,-f5PwE_Q8Fs,up0CKhgeFK0,X9AiLZ1vf0E,XZ25HEk4BA4,A_Kl_vP978Y,5HGXGFK909M,ktgHNJ4RmIY,jwK7D3KWNsw,rgLxEEEN8Ew,QrhWjEoRuBA,u1-SgfqjmdA,NpSonZqLG3Y,lOgg7-KKPdk,D24RnmDzq6U,sDsgkRW2hDA,EeJQC494DLI,XoYP_YsGP68,uw-bti-BWcM,F3edIQOnTUQ,8k-c4UmJRcg,T_C1KH_qKyY,mGqsNkq_fpE,t2xMFZ2ALeA,uaNHNOI_DBE,XOyXN9SgTl4,7yfGaB5YJEc,HGf-Cxd9oTU,Fng8UGQWg-w,17_Qg_39fmM,F4hrzsg9YpM,ffnpwAHyeh4,7imLly_Nb4o,44T6FYdLcLc,WPk1u5F1QQw,w3OyvrAVXLU,pW1j1jvjko4,RqUSjeoO91c,Dw7zL-boMKo,j-KkqbE79xE,uh4dTLJ9q9o,iz1v53IN9tQ,wqOicRhGTBY,Jh6QiH9ZVSk,ZyFhRy8u26Q,5y6hIyxU4bw
C9QuAUKEXy0,34GWNHFJgrs,d-WyNGd9-vU,eGd3MxPdY4A,4kAKmPsrCCo,GyhEcvL8xjw,_aKuVAtYgv4,PEXbcJFn5zU,uVFEy84j8D8,bWVtQnHCbkY,iisCXaZTraE,8RA5S-3Ql8s,DCQkhvDQlAc,Powo1DiYlBI,7byBRC6iuGc,OR2VSnVnAqw,IRTxWqaIQ_Y,fST8QnrP__o,duVPi4s7CvM,1OhhN2YreDI,QbWQQFQkS5I,B27frLTr6gk,UI5teFbIXXI,GrbjJYfKX2Q,tY98_BioA4E,Of07l4HutzQ,ew1YXJn0MUM,6IN_PPEck_A,ZaIchZ1_e4Q,_Trlko8WLdo,LC3pHrFeMJI,0E5Mptb0-uU,vU1tXEa6420,p0jAI9vgQRA,j4MSnkc8WZQ,TMSIR210mRg,d62DszRhBDs,ye5BuYf8q4o,flO0-MaXYmo,sWbil5o4AYE,FMyfr9DVdUs,P913qwtXihk,tiItGCwtavw,BrZQbdRza2M,Srf1XtCsKtU,BtjFf1cZc6o,4AgGqxeVDK4,Q0IkDKziMNk,ov1oJUgArc4,QZBQwmkqjMU
xl78htzd4t8,oRdxUFDoQe0,Kiti8WOj8Xk,SkJ7ha5Ddzg,olUeYyWS9ZY,-oO6pCRe3pM,JW7IQ45_up8,jrNhXBN0H7g,JPcbrf_Nea4,B22ckUxr0D8,pDPdRYF7hTQ,i3_dOWYHS7I,cMBfsjdX4EA,xfdG6vwIGGU,N8vaJaFCFYA,QWvTAUePU0I,Q-0PCfZQtdw,diiR45cr5lI,zS1Rt1y3Ag4,OHwFZy0QBDo,YwAEiPjP95c,bKlHFXOjkfA,yz8SW-zak6s,j5RON9F_24A,YjAwIxUQjrI,7kwQrE19G2w,5-e4PJH233E,MX3PGNcQHtg,97T5Jq3Ktkc,MsqfGnxA1Kk,uL9AwvlRarM,YbJOTdZBX1g,Szj0GE9tY-M,Angz5pPw0cU,FhsFZDrRvoM,dXgzN8C7x7w,u5awqPiNr8s,sYTDSCDGcCM,iopKWZOCdwE,6nE7oG72T34,Y3RtQrwNvCM,f7D_wEPjkZE,95V0jeUwklA,6Ww8EiBQFLE,zBusNzJG76k,hK9mMhcLdiY,yJ0nFV7CW3c,cPueDrRx2S0,VE-FeajuuMk,G_mRcm_8Y3E
p6fJ9-a47TU,xTlNMmZKwpA,4yW5KswJ0kc,08nIPzLztE4,phv02g-74_k,Nb9FVyrIAT8,_j7noGQEiFQ,5NuUMUc6VsE,XMrGlgy64CM,bhZkvhy75M0,arI3TMvs1ro,0dwB29pYR40,xYMLBeCJv1E,7qix3jy5QdA,E8jUSzR65IU,9fT1CEf7Wzg,wAUDtV23yf4,e26um84Pwpo,nQog9akugxQ,YSzFSslj0Mg,nauc7E6HA7g,o4eX5NsYkQI,XzjFuKeRPL4,C0o4crq6DNc,0HRnhSITaSU,OrmfIvcSEM8,x6yaSYAk2KU,t2xMFZ2ALeA,pdpCZegq3bU,Fuc6uItY6aY,ph9NQ8ASmX4,O5ur88K_8jo,tz3_3SNa93c,hyEXnPvvtmk,3QZRV75Ao_c,RILjKF67EqQ,IclMzsYBmLc,MvELT5aIo9A,ChSVeNrGzkE,O7WvaNuQg2w,DFPes1o0vJE,nx0jx83_178,Mjx6DggAwVU,7MgoFPqNe98,94pFnHM9cG0,agT8KkdcNfw,c4KPATTlgfo,X793Uy8qMcQ,PUAMgRQOldc,wf2zxKFl11U
g9V--98cvaQ,SR6iYWJxHqs,uN0nD29Hp24,ciAwmBobp98,IyWaJ5A3lY0,eRuze6dWFs8,Vs3w1X3GSAg,cvM-mOZWwrQ,tTbGYy_7G6s,RH0FxX3E-b4,S9Bu89gS4jE,qVR73DHotbA,OSgvon6c2FE,dswcPD0XwTc,s9psu1l8SnU,9ewetjdUBno,YxZTCYwgM3E,mkwO6dpHi-M,lmWjX982JGg,Y5dRfOWmnvw,d-TmZRRVyrw,-OkaKORUHEc,yp8WH2x1JLA,L57DTf51yBo,h4oricudAfE,epWpdQZGE9o,dxpOk_Yu2Xw,quWalWBpRR0,_JzmhX8yxmQ,omcQ4Cb0Hx8,FZnlf7qS9xs,GQhKBn42XcU,f71Rasj_0JY,uD_K8FsrYXI,Pgpe5JhyQnA,lxKXYRJsoW0,mZhRusZeqTE,rxxIpkHWfh4,wSwewlSkIXU,a3dNBFY8Pps,_-YrB5S53Go,1l3Y_vBslPg,vq5kqGbxBB4,hZMPHfhB51o,HfP9SSm1BAI,yBJcw7ncq88,xfjuBaWTLO4,9pgx_VPmJx8,_cHUbKvW_sc,JALD85JmQDc
e02TP9miW-w,_aVa7qVKUHI,ENtTPilUD2M,qIahUfWG8O4,UGNh_wxwLJs,rKdi2RWvRPI,QCuy47JbmGs,bh2Tl3bX2CQ,KAX8Rf1jj2E,9COCoIoAcPE,hS-t7bvWs5Q,TH4mVSb3SkU,QOzZZTmBjxM,m9K7k9DONAY,OegshtPcedA,fQTqPRojc8Y,8i4W18Ky0Uw,5tZ9_ZJU0eA,tBpDHF0EEt8,C3O-J3aHgFo,1s64TFQJsx4,Vxh75JlIzd4,TQJEaqQeH3Y,zFY_jxIYqhY,ctHfwYn_rsU,zbzT00Cyq-g,5DYk6Hkr_nw,Gt4-ERR-OiU,adn0xkvOLHc,tU2TKeb6lVo,DYC_TWSX9uU,jycUcBCyEwI,No9rnOvmkfw,PTJE3xWp1Ek,MKgqNHiWyAI,Qj2VMSnOmYo,uwHVZqDLlYw,1vrEljMfXYo,xV9spqCzSkQ,IrY_b_teSX8,Mndl0_yB9Go,wDjeBNv6ip0,hxxh0CDFYAA,R29y_3kxuNM,8Xl15D5v5GI,o20DEyq_bzA,v8CHy0co11k,vhdA48g4vps,3d5w4z3WtD8,RjEHC6Yn8Qk
jshyftVaCpo,1-TTNdyIMAE,SngRskLscAw,c8OY-YT7Wi8,VVaSyyigcuc,sZAneAxW7j0,BPgQky7s0yI,CJ57jvYvnF0,3xX9zJVcZ38,1FhBpotpOyc,arCTOMGT9do,LOxK2oyewxs,FI6j5QZNVx0,jUvKBd5viqU,-Zy28mVeVZw,7dtFeYce2OI,PaEuCnpJKpE,MvDqm6i4MPo,-cD588Z7UUU,yA9jhJz_QKY,lL9C_9SxT6Y,sIaT8Jl2zpI,ukVHK0Czk2o,J9iDWotUfdI,6ExFWP5yE_0,UoCP2LW8u7s,3D8W8L3y6LA,5avwwf69WmU,zpkay6b6sio,PoVZg4KjRxU,P7EeZw2F4hA,uk-E3-YtN5o,KLdMV57fW1M,bde1Un_tuCw,6NO-hTYJTG4,zv0kZKC6GAM,qB24uIe2Q7c,m4ErWBN3PSw,Dlwy-si2Auo,rgYUEVejcd0,bkhqrIpQpho,8KjaIumu-jI,ubBX-yvXrJ8,Dz9eiEqrHrw,V6eroFV167k,WTsYZ64E71M,dMCkLyyMPe4,QUmoQjsFV2U,oQljvc3S7ug,aiXoxTayfLg
-wmOS-WNvWo,IdymkbLAuAk,Euk5UCWTg58,kOyec3_rYGo,3xX9zJVcZ38,1V4Ku2B3pW0,hQ8Xfu98HCY,YIPHA5vm0Uc,MvKfzErkMEw,N4nwMDZYXTI,7nrVU0TilvQ,LUUHPDUsLJ0,Xb9K8IAdZNg,KbluAFaiUT4,uL5bcwKRqAM,F9sYXfwZXTc,rezTOErApNA,CvNoo96RIh4,tUh4u-lYEhM,62NWJjtqQM8,tgZ9H-oz1XM,WzwhzfEOObI,adfzo8-lEkk,1h5iv6sECGU,nZHlQi-P7T8,zdHg4QEmBvk,p_mbschmWd4,xUaqVPzRA-I,ZZe5vlQ67wI,6JDDFr5BwB8,hXD6wikYmHM,0upI5YMa9sQ,P2IHku7o7do,h1kYqv_i954,moEdzHVeg-8,hVp-5MAz7Eo,KVUkqpiYtv4,T4aVXkuyvPQ,x-5-Z8bbbnY,Tu6vMi73cEs,rREe8tRFgkc,3U7I--NCYiE,aJWeIVTvfuk,Pc9hM08uscM,JupSxMzM-Ic,ruy_ASiM0qU,Wpdw3SMNlmE,IgpS1KgcIaw,I-QmLTzNoBk,lJ5UimTrmlU
tgX-qkN4cNw,1peFYImGkt0,MgZLc3HVA7c,WcYAKVNDjCc,3_xaoYQ9bSA,KdBhMGW3XVs,ll3t8AUJX8M,_bpF_gF0yIs,VGhwXfB2P8w,i5jowLv0mXY,lJM_QeUk98Y,ewaum3ZvJPI,j6krFp511HA,xRvtjpsXJjE,edYZl3Rk5SE,InO4ccjEa_0,sFchMigiYm8,_nzoElPx8I0,0wBDDAZkNtk,gWJN74bDj30,RcWra2Eh35E,E_VZQKnj-MY,fS-aMpCHBIw,8OW20SEcvlU,j9zvyp7icRI,7vJ9DqS2X5I,Ob2IG81HRw4,xVkXBJVsqUY,4O28G-Vk0mM,k-8GuN_BHNI,qG25k0kq2U4,S_unJN-rEKA,iu6kfWh8hZw,V_aSP24qyF0,3SUgj9-3Gjs,53EIc2GQcHk,bKfoQeDLuME,SsBHglBmH-Q,vjF9GgrY9c0,poSL751OdyM,cR-mUSJxGpI,jObHwFZv8-Y,vxDJACbuswA,_AE-ndiuyVk,IXn2Z_o_ods,MrfLXZJxkSk,VywEO_TNNYI,uDb2bkbvIM0,TXOHNczQLl0,GiV_FzcSoK0
CQJLzzHRlGk,IxszlJppRQI,1uZf78YqO68,4ilMNypijoE,_dNm4ZgMmdk,aBULBiwHSn4,rGbB-yy5_HM,sZqM9SEGk68,ILJlJ31tFfA,B-QRGBuzIlI,k4Gc_88bGog,WXQLVDPzegU,OELWhbqaUWQ,Xy2xBa4d4UU,OyrV0hEB8zw,jtxqXDV8Pcc,pRmiUxwGe14,la--XzvVGCA,CR_yS6IxB-c,kTEi8Cf04FY,dR1ZC3N8kgs,4G1Yahw2WzM,hqXEK1vZ0ig,-NGYjyT0axE,w1sSPrPKs70,BDV5de82Pao,ZbSKNZzauQU,e2EjyKk5wgk,1dIwgKgIsXw,xUf2-sjGqQw,MKgqNHiWyAI,EXnbMp1yr1k,yOHfAkVMN3o,T1uGzP_SLUE,oSaRXV2A_Z4,B5dlk4v-7gg,FXub6PCSRDo,9iljr_dEUPY,N7GLAsLoSnw,_j6dCCkLbec,GOenzfNgq8A,kfeLoH78Lyo,LXsnz1bdhnQ,9H3EYLTWP6A,_nvMlnORnfg,tI978tFirKE,1UmvHa_ZP0o,w98biG2NVCw,kfZPEMtyuDk,UhQKKt7D2gg
owtdYlflpIY,qHkpGJcB0HU,f3-cAROsax8,go1jaIRQc-o,H-pKbGO6BSs,eWrywySApHw,mna5J7bctLg,QirXmY7KpPM,29QmxNtrphw,KLDWFBW2T5g,M6MlVDBSmR8,6W_DImeKhtI,TTZgLsSR5P8,i-8tn037tOY,WUYfvepVUyg,UCJwJVJMQQI,-hpvKwrVu7Q,xvPmLb4hPoo,TY1-V1wYRug,8hmb2uihVDA,iGm37T5USIw,FHbxVhNiNs8,_slGTcADRZI,-VO8TEtdiAk,jJfA3mvJQGE,NdYWuo9OFAw,jnB_NM88c4U,PEDj3mOic78,NkMJdoLvX3M,abUY5qRm-QQ,ksXwtOCYrfU,mnE7oPnJvNw,lgISe9_GgSU,H48-71WoywE,3t6hjA2Svdc,ej9qHlTE_40,UWo_WKMjSpA,HamI9v5p0yQ,1Pw_co4mNH0,v4u1HGgfkKY,0EGYwvnaHWk,C4Uc-cztsJo,oD8D9HFjlj4,plQl3lvWtQo,rnowxIdMq-Y,CTQKYpuxR1E,pmzWBD8B9ag,cKsIvNTrWrQ,qC27bPvxv5c,sxmzng-zFGo
NuWbMetZNjQ,d1ujp5ZY_7U,LheO2Dr9uv0,85mVoD7GXyo,ojvqIumZtnU,pEt13wDQRuk,E5ZBm7VXKYY,1j34GXEt5j8,zm6fTypsZXc,6l1W8_VXgs4,35hNi33F7Mk,qlqJyZg_3-o,XO4EVfp8VbI,AMTAQ-AJS4Y,bayjzT36BTY,FC26v0u1U2o,AHkrTmkzMYg,KLWtBKGFUzk,efWgBKLzVZk,KX-JeV37Uqw,2H-Q-_JOVFA,MOzsJlk8p6I,D_EtVyE_eI0,KdiU41J9c_Q,eCAFfX_va_I,ijZRCIrTgQc,p-l7szgOrY4,6NqN74l4XGg,ejKiSoHLQ_Q,hMR3HQG_7UA,pxgbAfTaFE8,ojXpHwhIqO8,Qa2rI65wvME,PpVCIAE8uJQ,dbTBoLj-0EA,7Gj_eAfJPeQ,9MvhWS60MhI,ZEqkBcj5qlA,tu3RYugK9IQ,HXEVPY6n-rw,HsEJcBndzGk,Rg58d8opQKA,bi4iMXpX7pQ,T3Sn8eBh77A,slL7-KYDKqc,L9_O1OApmJ8,wzjWIxXBs_s,O72BKIGLpnQ,FyEtg5LK6TU,M3uMZFQ6iOM
6azg8qYRcR0,qw9ZHnMKxO0,nhEH2WBX-bI,0tdAePY4DlE,6KJRV26k5kU,ibcnddeezes,6v2L2UGZJAM,huFd9iEAeLQ,XaOYqDSxn0Y,dU4k3cC20Oc,IixEG5N0GdE,pKrVAznccZ0,aZla1ttZHaw,47N8veRsH_Y,rfBFNw4Yhtw,kU1d6TpfjrE,3FQc2Sz1r6o,e1RtcVSnD1M,-Ck6GCquwtM,0afjgBVbwrs,jVAhTa26EFQ,I77loLXfsaw,QjxJK_07irg,RmK5BFVi5z0,HmnF-6mKdiE,p05RrJsC3HY,kOYEkw2co-Q,QP2Ckjvuzuo,YE7E-m2xkR8,6B0Mn5XZs2E,U7sXs7rdF9c,NuRQU9PZM6Q,rauD5MgfmSU,-BaMNMc11Oc,g-TytabuI6A,LtpBfwdfnXk,aTSAn2Mf3Pg,btHMMDz27hw,xk35dPB_UIc,7Rk5WFj5rEQ,k9V-L3CSHbI,sBUvj2eCdb8,XqHI29HAtUQ,05GLwDP17ao,IrUZxrNssIQ,25m0zcKFUoE,xnEVXvQSY-A,6VpDxQREbmw,QB1zLX6vSuw,gOtX1E5nUTI
pK53mbjSzW8,OPf0YbXqDm0,EdNBqCjEcIE,_bRo9WlvP7Q,1SwVSTKFCsc,P9Zx2rui-4c,u90hopSXtlg,00vXtr0WosU,8gyLR4NfMiI,mcqgYDJQbNs,QNhGnUoPZ_0,1W58KKiJ8gA,AN6fNRRagSc,De4FqIkvHX0,HremRC-h2uo,O2CwOvNFkVQ,U5DzZBW_ML0,uvw4IKy6IFU,zRyq1guvurk,Jj2KvzttItg,cdCxzQUzeSM,AJt5MrMKSzw,nIYdystZDJ4,FIcxqVRLEWI,p2jpAdXEtV0,kQB-cHvchtQ,JYxsCDH7G6c,T4Q0pElKWY0,3XNbAbhQZFA,66h5dGoQ1IU,QOpUEsXuQNo,4iU2Psvs7eA,ev7DCzaiPGM,oOPVBm0sA7Q,gKQkM8DiExI,8wNrFWWb-ow,SoOxRYrCz0M,Oddo4MVeeBY,niz3Shv6QWY,xK7BI6F3uOI,tpND1YNeQg4,oO3wTulizvg,LnSkOJFtPEg,1-hmWaUYAX8,6l8gyacUq4w,-LMAMBYqiiE,0gbsuiXW7h8,RltvTvEDiFc,uvwkZFFIj0I,Ac42bb7sPBg
lCcjgGWyDuw,kcRWyLMVrFM,ElJFaSgR4YA,R712ulljbBk,Jd-00an_TXA,syRaqcf7k1A,ibPhAOLXPRI,u8iI1Q_1sAQ,w8a6lo-0CaM,7XehyKEgVdw,cby8M0EDsz4,NToHwk2JP_U,4g33UCV2Pqw,uRpQE9bOy0g,DWgBbxPzGYw,phXWMDy5RoU,LvIhysO640E,vrzdw4NyHxU,CEqD1eqe3AE,AZBNbSFkuwk,9kQOMNlDb1g,2zcdenZ_HSA,AdB6aYXVO-A,CvpBtVWhdg4,d6gSilpimpc,aOWYdX50qQc,xzei_-Rjj_8,mtqvxhyJZko,ss1eJIzjRlE,bsfNKdkxVPg,43GiHzda8bg,VSRtyy_RPpw,dVp1HD0NTn4,Z0Uh3OJCx3o,x0iTACMqHGA,udCVMQFoQTY,WQEQ_MXWIho,Ms8RuyAT0K0,PbBQM0iz3mI,D-lXOAs4IG0,2n2t7ww46mI,mEWrcC2ZBLk,q7fUKjzv59w,_IqhDc79N1Q,GIzvDRBq4zs,1SAXBLZLYbA,5DiMoehAeOU,lMeXg5Z8Ty8,VdAMC3pgnwk,u_ELziWzhSE
DSg4jUCyjME,oRdxUFDoQe0,Wpwu7MkHqzE,z18DwxgZauk,G5Qd5TY7E_k,2C30hGy_4gs,IWBQwgQbotk,clhuS04_61Q,5a-RHA9DCmg,47TS1LcqwC0,VH4dk46_p4c,I87wCxykxyE,7zi8GChceak,av5JD1dfj_c,j26ax_NDeek,FC26v0u1U2o,jvDehabbNoY,nBvEN02pK7o,xAtztJgP4VM,e3PJ3Du_zDc,a6XDx6fHCLY,Mr8guwcNVoo,F2RuOubMV2I,Zm23bcCHVDU,N7WExu3_4X8,SC73kdOL5hk,96mImjZCZmU,egwFdJBxp78,fE50xrnJnR8,kjk8tA8dZ4M,i9f0LXnCRnQ,bNkvS2sqekM,WoUr0e9XHu0,TnMSJF0A7Ps,iae2UOycWxA,l4HwSZL8j3M,_yslbI8ukZA,XUtQD-oxRs0,0LyhDd07ReA,GzBHrMG7nxQ,8TExMC5PDdc,2X6ExLY20js,C-PaYAzu64o,E-RRhLyfi5s,VaYOkqC7yGI,TAPdIAL3OjI,ss1eJIzjRlE,_gYyclFlE78,fwd9bItuh7Q,vg_iUD8Eq5E
DJiiFj0TJD4,Uc8wmLul3uw,W5C8bY_rHOA,0YrN_QlEsQk,xhIYirjB4Yc,02Vgi95LgHM,LFnV-vb1Bxc,FXKeEODshEU,aSg9_qfzMvE,QcyEJ84BROY,y9uUwp7KlOI,M9BNoNFKCBI,gyoqX0W-NH4,WtE011iVx1Q,gFiZ7cZcuQo,d7e_L7j72dI,SmmW2ISfCoY,Ji3QI9cCSJA,2d6t5sPgCYU,0TAemQMlbVY,ymtJM4g52pk,V1bFr2SWP1I,VLfj0GFZU3M,FccB5YGYfyE,dUpKZz0Nm7c,bmU_4jTiCsM,uf-07V4bmnU,lTyq9-LIRSI,rEk_3zCm-9c,zr0B1WAchMQ,ksXwtOCYrfU,jCNxGc0Lv1s,Xw4K-fW32zQ,7__hUKi0Odg,MVpjq1lRGP8,CghysvlI-1M,qbLNkIPy98Q,0cWMLA5hrp4,7ob-U9AgSkg,4wtG01ymIjE,nQgQWr-rumc,oPpzJAzdpTU,z6zq1gF7rhI,zmaXTbP06VE,aCj9AUaJTK0,Z0Uh3OJCx3o,wVMrMN69Dp0,l065IUPI9S4,coUIdmEfF8Q,ELXvfhP7Keo
WXEevZCRWpQ,dNL3KnleGZ8,v993f6Nxryk,8JbFI2KtPKc,TqMNovXOvjg,WIKaNpU1xso,Q9y43_02vFw,98esMpUPSi8,jeK6vXoU1i4,3w86hLddYIc,tsHjhigBJwU,KsH63qJlIMM,d-n92Ml1iu0,sGIm0-dQd8M,9f6pAjMvN3w,DTwQl18hlkY,KqyqfQpl9XA,7D5Sbg38BSI,F1ZSEPw_cPw,MIzKueNLCOE,majcvO-4Fk4,eT6WY0jay4s,v-K1bvNw7Cw,rPprbc0U8yU,UiceFZXRf3E,dDkp7GysvbY,Sl4RAHbT1h4,9SxFtDSVa9I,YfTuERP_TbQ,--bcf-JsUyI,gKQkM8DiExI,aAVsgwuMmGw,Upk3SruzlS8,K8GRDNU50b8,F_WRmialsZQ,XduBeiRttvw,YNxeGOgV9MQ,f0RXIfozdyo,umdVeJ1Bt7k,HN4x7_sdy0c,rbA-tEb2bls,Ngk3VX405GE,v2av1_Cy2cU,Vi6v5Xy-RyU,iP-TcrQ4Nlk,dpiQ1PfIMaE,eA4ogA_BgYA,AM5jLw7YJvE,SCuxBjWaaeU,zjYY6pcSx9c
Szf-UZ_Bosk,utWPKM5sLgg,FUHekD_hpZw,F5hyc4CjW-k,lKZcFKnEDw8,8s5qaADIU8E,pvuN_WvF1to,hwG_6g1DOFE,ew8UkuCCgmc,_bPYCHA7OTo,R8iqEfje7Aw,LKaXY4IdZ40,V_lAhqLXT9A,80gGBo7L8U0,ZfHp_ontJAE,Jnou5GhwDSI,ALvqjr2siDI,yA3NtUg4ohI,buleTXAUJGM,V38MICfcZiM,MCWy029MwaA,6-x7GcwT-Tk,k676OmYgCps,9qM2ZAJsKCg,-89I3OYCwp8,KQHg6M7-Du0,t_shSXXV91w,0cB0Zo77WKQ,scCtFxc169I,YoVtsK21Pxk,NlkqRh14ejs,ZwHUA1fTd_I,Mh4DNPkKWdk,szT4vKLL_sM,GbD0geM-tAI,lLEihVTSMkY,2yDBJB9eJpA,815ln9MX-n8,QakVJ8nFSVg,hHcwoDSl3r4,ZOm5BZDVwUk,TxkfagT68Fo,LGSoBr0Sxdw,HFCZ_HatF84,O6BODAJVYc8,B2kVYW5EbGw,ykUbmZRPrzQ,Q4Y6q5L-9JI,wJC5Z-xRzsQ,-1F7ot8hefU
W3ca8z6lHjo,o2SFCkO3N1g,KZtflzcWK7s,JNiA4euWnc8,HeTQ_4rIY9g,S_OSufgeCPE,ZymrckHd4KU,DhV5U6t428Y,bZcAzwtRhQ4,vlGt_rk9Uho,ZOcMX-6rFqo,YR8ryUU8Hvw,A3t_D5P1z1U,HdobynnfKQE,pm9IECEnKHQ,BzGrWlSKpCo,LY3AH5e51r0,EU8alsKwXz0,Ci_ychn7ga0,qQKhIK4pvYo,cQEmKqtUx_U,sIP0lKwDAhs,-M3sHrVOddw,FccB5YGYfyE,YjAwIxUQjrI,vLbfv-AAyvQ,KIvhiN0WHfY,QhL5XpbuzFk,jwLgfCXJaKE,2FXXi61Ni3U,SZcOGPj8C1U,x3C4ZKlQAb4,pDndfIbItxY,hW6S0oorxqw,1HdzaQztE6U,dLmY4ktOIOI,9p-x8M4x31U,4zdoXgGnKdc,jmRkc3lmN48,krEGKC1X1_Y,ykcYcFPavJA,o2ffgb6OxuY,PoFM9KYx8d0,ddzU-rkzKF0,NPQVrjnC1jo,kZkpTKR4eic,L9IEih1XDx4,U6-j4rUn3dk,F9q7DbGTmi4,He1CuOB9-44
f3BRpyB5ayw,av5JD1dfj_c,Rn1BQuULP1o,WpIx4EQtPSI,fOC3wmey9Qg,8koZfVq0CkE,JbJgYpCW4gw,aLeky6ZJX4U,cqNXNeHjwss,s1tE6La3xMc,H7nG52-ARAo,bnVUHWCynig,sqxzQkAdJm0,-qGbUNQqVNc,1kpzDpcrafs,3UGMDJ9kZCA,EeyUL3nLqNc,0k9DWd8QnPI,xHpSFAiuUrQ,C5MNdeXD2tM,AVEPWnQPEsU,crpj4TOuO1Y,_i2CjYDJGTo,GuD456mkqic,MK9Ky3JYtdk,8aICVBnO4Us,jBMNsWkn37I,kFr1NpGgHms,o8qU0L-KDTg,ykqF1kwdD_o,xUf2-sjGqQw,SpMOcUNPuUY,8zuIwJla1RA,PcitplW3k44,RFElDBXpOKc,uKr0RD1Z0OI,obd0xpmK-rs,H4Mp7LTmhyE,7Bm7_OexM8w,1FIpvJhtg0Y,fm9ks74DvBI,_iF7lkXKHlA,fbwQI6pXLzE,2-OwIKi5kYI,0lm7l7O3mIE,gp7btBfhGtc,xTdKRp3Zwfw,dR7XiBgxFEw,QZbEWyXWVG4,Ka9E0RiFPEA
4Qf_hPGFtQ4,dT2owtxkU8k,-M06MtZ5YkE,tmxgKdohkKE,pdjk8_tjsoM,y2hbZxChm1Q,_DC1NPunsMc,4eBOBkOY8k4,Mfs_-WwH5GQ,LZpuFAF-RKs,svVmnR4AxgI,LOa2SRshWEI,wBHl27YoPyA,OSUxrSe5GbI,aKPXx_iJ0sg,D0ykb30g4s4,ofqKO26ePKU,Qj-iJgavbvI,7ith8IxpKFs,zTkEah6g2vI,O2w5PEZYzvg,cH8PCbrf_Vs,8f41BZZuHi8,RNfXuhUJhmY,rzE5nbWdKTs,qPZibEIpk7g,G5yFRHZ09Dw,JVqqVB9aoIc,yPbbqc4YzXI,x7Q9olsxYw8,Nr42pNrK5iU,hLjq625UhSo,VCGdxUqkPeQ,P53kdtSkpTE,Ee2TXX-6rxM,AnT9QIf7kkU,Cs_MvBrmDPI,La4Dcd1aUcE,AWG8wv0wdh0,jK2hS40pr-g,DiniyPz5GkY,jfV0PDHfxms,v42OuvDb_x4,Ybz3BpSuCfg,QOwfWxgnvjU,UQbR564jWjA,VtA4zv3AMqc,cLM-Rbju71Y,8A95GmRLbEA,TWl-tnWFX5M
VdfS8rl5JWU,oQW2FFt3-A8,-B3l3Fwuf4c,L8kRdM7hbOA,IPffjpXKcFk,g7uzrDRTOyY,DBhkDyQILCI,5SqZS2UK9TE,ausrKyAEXHk,u0iqHjNLwnA,EhKSRIvDFI0,mwhwGmoYv1s,1grfu9mDmBI,8avC3hHNeSE,LkkFUBfKJ0E,Ni7rKJpQReU,uO4M2h50jXE,Z0feyEdCiAw,bifaXOe-KsE,MxkBU6GFwBo,vfgsBkpu1-U,_e4OQXjhky8,ciMtfRNbMqQ,TYQjRzMqXaM,7DbC0Fn9my8,pbmQTU8Nt-4,Jp8Dnoedh2M,oFu7pjQs5Nk,2pqU5xWEYlE,PoVZg4KjRxU,AdMGchRQVbg,21E73XbD3f8,rQpfNsuTSGc,DhFjbg6nCPo,F1zmrYO-YUc,LaWgHuwtwoM,6021EPadZVg,yQERX63Ot08,pW-h2KKF-1c,SiM6VkS0JZ4,uQ8HdLSRNyA,7aU2lMfHdmY,uecxz6Q_j8M,665cYZZh77Q,8aUzwbp_NfI,TGtM8PXXpqw,HuMPzFPk2Lw,GvfDUaKbej0,N_plDpGf1nY,1orgskHtW2w
RHluiIJXRMc,7flrKMGfwjw,OmGffToghmg,2wruYXDWGkA,JNMc28mZNis,UIctPuFxsqo,iRf9u5-Pnzc,iee_1G5bd7s,zb-NrMT7DUI,L-_kf12favE,uuIb7aUVOfM,oG08ukJPtR8,uEH5b-LCUE0,tt06fwy9GQU,XuwKQFchvyE,uIZFTgixFas,8LXslIqbXAY,uLExKbQ_8Qw,2Nz0sUvkSf0,7bCtj-zIMM4,GXcRI0BdioE,sNfzAYdDn0Q,XseQmpH-Hoc,h4UEXWXpxMQ,IR2rpVd5Lwo,6t7EvaWIOn8,L0h-MzpZYnE,_msEr37hoyc,CiVKCSt1kQQ,Bzul2QLTr-g,zg_KpFx2_pE,ip2uES1rSPg,gv_S9TkoNpw,JAfFH-AFEFE,m5yr4fJ6RK4,HtXz8sC4yNw,UM8Y6OrJoZM,wggAum4GIKg,nmQJfFumYg0,KFVDapqGT78,bmu2iBCFLSQ,3cS9tYp_6Lw,_1g-xIP7tG0,3wtqo04SHNM,_En8wejTPf8,0znQ7cWpEwc,YeGQXqqvvAY,gJkqOPPdgsM,Wt5h--2WROU,_vqrXIsAPXk
xrmGnNo_DIU,xTlNMmZKwpA,GRJRbHUl2LA,ie4LQWlx4mo,z4eLlmfTZrA,53kMSuLvUeo,jZ3K9E8Cvbg,kcWYvySQVII,E_qLMOf9lDs,pnicZ_udRS4,yws0FQFEYlk,987AucEs280,gu3yROz4WIg,vMsYgs3cJgo,OegshtPcedA,Owa2s4O0ioU,NjK9jxdeB8o,hMywOWP1J-4,oE8vfjIXT04,cBvi7io2Jfs,kG8Am4HvGh4,yRHF0ZHLAwQ,FR1NicZYygw,fBTRY0Dz1Ts,uKw9oBgjd6s,hqsSYvnUyR0,_PrtItYQlXc,vczzbftoLX8,orZjOxzHpgg,RiWQPSRjC9s,53QZYhgCn0o,3NxM-AL18lU,QX354jL6I6U,EM6x5yOZX3A,8ja5N5KyrDY,kSSnIZHfteY,0mjrVlAU7Yc,lan21rW9eB0,tCadZObwl2k,BFusuanWOhM,Kj58iY-WFQ0,JEzE3L-NKL4,lYsUxStSMIY,y-wzb7lmcuE,kK5xUc37d2E,4eFWpNK2nVM,vnBh4Riu0RE,6xoxRwQPbOs,AzM7nXE3_mQ,GFIcMrhyyyo
YejxyaFyUHc,wa3tfVjGCQ8,lZrzvnYbr5Q,6YoKD4EGuwU,5Wiio4KoGe8,nyMd9cnfJIQ,q-Ot7xjXboY,2QwBe0uivFA,7Vo1k6cq26k,wjcfdnqSvT0,Ci6a-I96JQM,ae2iX6vZCoM,MhfNQci_VzU,e-ORhEE9VVg,8hcshJ3oIls,BzGrWlSKpCo,IS7bGQgB8Tw,hETl1cur9UM,sMaSCY9xnWY,OM38ftMYSpk,V1seIYBfmB8,sOQuEyq6fe4,GRidpO7kUO0,GYpmeCdCzOU,9Bzc2HaJe_0,mOtd_rBHebI,9mAHdkT3Vec,4iXdGApN3Wc,AGe3zpAGg-Y,1NyMSWqIJDQ,QUs12NEF-hw,jObJs6nQUAY,SKAaTxilW6Y,v_YdiXGl1b8,Mr8vWFRcK-s,OotBozBP1z4,XydD9laPFhE,5-YWNAnYpIE,bmecPRaL2n0,0RFMY674gdk,ZB5RPegYMzE,2n1IFn3Wqvs,LIn8jwTAJpg,-DQj4SHOD8s,8VgLKXD-BoY,Si6Dz_oihOc,TaqyhUblFRs,jO-XClLxx4s,jCyEX6u-Yhs,ejCbNPX5two
cg_KN0TOSi0,aEM2kOrrNJI,kicpHiau4uI,0Eo71Kh6Ay8,F30dWY2d98k,EbVuss4bP5A,uBUJwudXfVg,VA5X6iDrc-A,2S0w3aDko6c,jJapWCr5PXU,ncYyDQW0L-A,ZAdi3LIW898,IqkJu8luryQ,aDCcLQto5BM,-o3TfHjj_e4,FWEJAo5DedE,V1gs3kM7tmU,02oxdI8ePtU,Bd8_vO5zrjo,5nFaoNoCtlM,cL1WYbEt_WI,0YWukBzBZqs,6F1g2s34DV8,Wu9I9AARoX8,HXY6scMwsio,_VJY97l0jVA,276ehRc54yQ,BzowDlkgTa0,yr29nN-ac68,PkRBF9YIpBY,S6ydo0LHHaE,cWSubOw0C3o,fmfcNO3jitI,-_R5oqSM9W8,ewLfTHfjwAc,ne3HV9tIITw,ouAUHn1BYNg,OqT9qWIjb94,CelTSyLOIkU,1sO1lAPig2g,VJjSY1YrvFY,zzX6pQ4sfw4,BXXAcFOTnBo,cUb6Qaqjdvg,HgGuVXbfsRA,4u4d4GWdpo8,bFTPOnun6Og,ztY6aiCphwg,uV3anmk6Q-U,GzmOq1ePfIY
XXzb2PUrZv4,OPf0YbXqDm0,8HU1_dRHlIk,CchF8nvWZx8,L8nh1wuXTbI,hE-9cjnPaks,fTNnwzXrVdg,Pkwbn3TfPDU,GxBSyx85Kp8,PvxbGU3pQ5M,guNr7R9GWUM,qMQXAvnwQxA,xRYSP-yFgb0,hXI8RQYC36Q,VazkMsdcvoo,Gt7h7w5whek,ohPsCm7cuCE,mrktZbnr1Vo,Bo2EgcoEJes,A-bCqqSgw1Y,ePNNAkcZ_Kc,nlMWOJxieBU,bEmk-x21XeA,1l17xIi6B2c,tlM1kzxjEe8,mT3q8tba_lw,Yz5wchhYGSM,uNwkubEwDPE,2oHXhtbUyd8,9ws6nxMk6I0,ZWCznjpc0c4,CRFDMZW3NnM,0T5iCf-hEK0,8ulEMXUNyRo,vT4zcERANZs,1VQSR6DPP_w,nGWDZOUqmqs,GA0L9Wio-IY,vjF9GgrY9c0,6SHBgpnQG24,4xG2aJa6UyY,F3c_-dde-wo,apvkKw_VFj4,Ivkiks3wypY,BJP0seCeoNc,hmaR8A1tLSs,a15SP_b4LJs,N49xtrLVePA,2ffl1xHNU2o,cU8cv5dQTY0
fhPjelgtRL4,aPxVSCfoYnU,is4HVmJyECM,sB28zwvY4Zg,qSdaXntGE5M,tyzWgpd7kDs,N_8FYBKLkZI,TsSZAPBL_sc,ynOk-Ri5xig,N6-bpz2Po1o,YE2LZN8ayVw,VSd0ggWFuis,-9uWUJYqV2o,OSUxrSe5GbI,ggNjQoagpMM,C_yI2959DYU,Mi5RoFSlZTs,d14tHf6UQ30,35HI5AQYUwg,6CloKbXtD28,TuK-SBGLbJI,kLGO05vxCQM,KlKCBs0SyQs,A7glfp4DW8k,vMaZEWxy3S8,yiQmlZuWFvc,ZNYxhKhMOXw,iyTKkwA5-GM,Dy-D5-oiJtc,zbZzeceXKKk,NHjZrvALaUc,l2I0y6_xNRw,cXHZRHlQpaY,ENCkLyDye7U,ya6WlhtNmR8,EIUiwm0PfK8,iNUxmk_2Cz8,FlyUAaa0qT4,qPnTTA8BC8A,vlMgxLhYeTg,yWjvwLAH3FI,14WE3A0PwVs,o-YVvxYiSuk,C-vPnqsd9hM,ksH7RYjPqhM,bzaXGerEqpM,2ytnBRjmDXs,zL2S4wd3SLg,gJFMRbWw55c,3tTCLbzw__E
kV_3UiD6HtA,m3-hY-hlhBg,Xpf1i_mCvW0,Czu95airFl4,TToIzo7FhS0,eIyuUhE_FBc,Qy_htygtOkI,BUvWd9IHOEQ,9XhdLB2SUbY,25prXf9tCH8,DqmzsYpQkXI,5UDouQaw3eU,JbkjoVW5kvg,gFZfwWZV074,3ZPtzJUfRtQ,LEEzFZp8-OM,NbdRjH_vras,PAMs07cFNFs,t-yis9av6xc,IAVRAXI-h1I,WuuL6FnQyKw,OQkcPYAFmZk,CKFrF743pMY,QC2cTVygJSw,KKsmFCTsHTE,i6nYWsXnl6M,t_shSXXV91w,s7RmUKm9PCA,XyiqzDSjeRA,xCDAptrIuRc,uFzSJBZQRzY,YhSImgCPYfs,Yt8iidErCNg,RpnqIF5FxrA,yEv1CyFzNkc,62QZMyp2ysQ,HQRODU4i9Sg,I_2D8Eo15wE,9cZzzsXQUAs,XbjB2XzF5wU,1xvxu4kWGZ8,p4KVZa-agkA,X1nqIpMgmkE,13GYCbG7JIY,cmWgrTW1Xi4,gsTPBPCAW0s,9kuJhjoYxUc,yU-3hZuvTLs,RcTvQx1Wot0,3tTCLbzw__E
kRZAk2rfESU,5GL9JoH4Sws,qEiOrVQT5es,jqO3HbWQKo0,xnAzhFaMU3g,jCyEX6u-Yhs,HmZm8vNHBSU,dKrAtYmFDLs,sXZzKrWuEUs,B6Ot_mPO6fk,vOKw4iHZYWI,GPysgrLLwhA,cwDqjmSmtMQ,0vTopF6wwZg,3A1S7olM4lA,jtxqXDV8Pcc,oB6dKjlQbiw,T1j6MC0ilTM,DLSu62Ace6I,O7aeWQCF1jM,rDEcA0sbsKI,nrZ_5iHJqx4,3NU33PXtf-4,WSsGC6BnP8g,-mowAmfCJM8,dmp8xCAnrZQ,9TYk0MhKBcM,aXO6EUg9ARY,eZ0sEcimO-8,00A0GVfEm3g,3aGc-72oKa4,sCVWm20fU0A,HS5dhUdJ64s,BTSfMsa2g-k,iHjTHfsipMM,9oILCgJlTDs,FPLAjNj6PxM,fPO76Jlnz6c,OEVHL-AjkMY,L9HUQfGMQO8,0LUunr-y2zU,VKpQgEyjNdM,6j0_f8yWFCs,Ib5D1WBxUg0,VYkwguBK8EA,A1inqFYnOKQ,Z3DO45UQm1I,V2vgH1ESOSg,ZiikpFTYXio,jBrs6Ygba9s
_D5uGBCqeiI,nfWlot6h_JM,6aTSb7dgeoc,gfTxr3GaVWc,lz0JazR4-sI,eNdlhC56NzA,BVroEZNrGe0,b53PbMuGebI,W86Qyq2GUhU,gBs5Vrp8Njc,ikRKeDmciHM,eDp6jpOuttU,XHwy7Z5Twho,aA_kuFTV-P8,Y8YWk4DkrBs,S8XwZLNSSCs,r6ksTr9q_RY,tKgRviUtzOc,Th0TBSFMv78,GZiHhnQipWg,AI83Zc5ebeE,GR1ddDFkbMo,httSIikQXcc,LJRTzsW3GT4,4BjsM3EJ0zE,Vx2PIA0fHkk,zAWsoFk2yVw,XybieuZGoWk,tFtChJ3a8f8,h_tqou8U0fY,zamXk4WykXg,MfZBbdYOxu8,1CCcaJE64es,0tsNw3ADkNM,SxjOxm_2G5Y,0Gjx-ZQuQ_Y,xrZD-Hu2ncE,HrKHFVzhnLc,AWG8wv0wdh0,HCng7RYyZ0M,j2EjhhlEk2w,BOC8sq5EAzk,S6vkNTPU3mI,AjOAT3cSzME,NB0UIMuMoM0,bnby1Okpy74,OePn0dwXXOM,5mTYGfY0BhA,p0RJO7nUvNQ,nzUnn3WWTQU
cnKQN7TF4hQ,LeiFF0gvqcc,m4trDbeFWTY,Veq3kFlgXiM,pnjVaDhLG0s,Tp80lDWJ3Rw,-onk-Qm7ATw,vLZxrlox8Xc,leEbL_kdZnM,wjcfdnqSvT0,iI4jWbrEPJM,yw3rpu9qvcU,yfoY53QXEnI,COinr65X6DI,KuV5-i1tRoY,Hq-7SUQHUI4,CeRA6FQdrAk,bVlojFfNltI,ghtEqXYEb7U,pYvYduhgopc,Buv0XVSkp0M,r03wFlziZDU,BXBLYEeF5vs,tnXPTXNr0qw,YEhv8OQ7KeM,z7j7bdEPSd0,-qGbUNQqVNc,LdZQ_ZCfm7M,68Dr2YFR5EQ,MFJBgsr939c,L72hAlAJSes,PVyiRETUFhc,hEv3VbcUKrw,pHCymaoFoXY,CpDHF3gFE1U,4_TyqlKrncA,RHDkSiI7ijU,pBHuSWoIgKw,aiXbloUoWow,l7SbP1D8wJY,kJdwwa12p64,B9Aaspp7sy8,-6hnYAEUV2M,E-RRhLyfi5s,xYQWfHzLGeQ,8d44ykdKvCw,Xzl7q6zmTVU,gSbh03sSphU,gkmFHqHMO0M,sxmzng-zFGo
z5F7zzjtG9Y,k0BWlvnBmIE,kqoEnMTsRxM,GoyxsgyWYHI,w8WvOi9L_8k,o3AgKeOS7fY,aDqovSvPYgM,WApCQZ5td4k,az-CX4nW6NE,xgvk_1WnBoU,z8RkR4rd7dM,uxzfoVkhoxY,SPf8s6jGC-U,1afoVNPPQCI,YD7E6PrPGl4,XbZO4Vzw5Ak,DuplmblXNPs,WZL57kOwLWU,etNfb4nD1jw,QEyCJ1cQo24,w0bXG77m_kw,0qE_iKylGUc,XtCB4PkiF1c,Gueg5V996e4,ImuA0XCqn0Q,2DpbvN-7Iew,v61sB5Bn8d4,I6Ej8ycxG6c,llC7c-jr2W4,0yJAtwNNEBA,LR20O8YndIE,8zxz-8M37XM,ykjFYQ8g_sc,o1hfCMSwOMI,Lp5uh6ztGJo,BrSEIu_REdY,iJrANwMo_VA,go6GEIrcvFY,gBeYUO06A58,yh-V9q93XC8,1vO_46xLMqY,sTLUSgckp6s,jt-Z2St4rTk,xf7-26NwYsI,R9kDvyI3LvE,BDd2M-CS0sU,-2TDy-WLKj4,3cgmDWpw3LQ,fLNjxfukP44,A0TLaXfFGzE
l7hEQoU_j_0,D7l-pDCHChw,rUW-ud_5Nkw,0U4F0PLkRJM,rfZsQTGrx_U,hZ6zOp6rgY0,tmkvPybo2mk,wfx61I32wvA,FmGLdjGBWzs,mL-Ac0EZhPU,9UU7nMoQfEU,x3-8Nyn4SNU,BJzJtm7OfdQ,F3uzNaw-uhE,OfwU86pN96E,2ok22sItMnw,iR3pLun7K0o,11C1BB09N6c,4W8dLNQycxs,nnun8y7r8_U,mpZ6T9MexHM,7ttya7Fy6pk,914-kUDRa7M,d38JeiplWAo,RcjgIEtKes8,2jPTt23lRB8,FzG4uDgje3M,J4fFiMCGeNk,IYousoh_bIU,-qjGfi-FQro,CPTaTLhkiMA,1wiuZXWZ5Kw,ujKiAJ5bea4,jt_hQVfrYOA,b64G_m7hmMc,JibNiQT8KPM,lZsIwxnglsg,kqxw31EfYqs,3RBSkq-_St8,nDqvNVgl6PQ,PBVZJRXsNxE,DzBdRp0Mr14,oWxn-a16SHM,67J1nJztPVM,c8pxIGbtoiU,DfLqy83UHk8,QJFSwt5bPwg,wbWMBiz2z7k,oTC5YPB7Uz0,iaCYNGfKs-w
1R828rFd2aI,iBHNgV6_znU,WR7xlVyQ-t8,qmBzraEg0hg,9dcf7o_6GfY,mDTgLqnTnq8,-M0xcdx1R6w,0rd8B46AiFc,V7-bOsvv1CU,eoCC1NjIHPE,Gf8qQLGZ3o8,6DBKRhDfGGo,L1QlF3EyizQ,su-Ppk3CrAU,fY9neaoNcyM,Y1g8qlyTMnw,-vNC9ulz_vU,j78s5SCIOV8,VhNkFbRu8H4,F53rGneGY60,VFGTtcEDBrg,lmdfaoQLMy8,6Buf-yaN_tE,93_UDW5eiGQ,QL14-lrs4NI,p9l5Ji4kACE,3GRSiDgfYeo,hKLHFoWkGFo,tt4JcW16KIE,fK-nDNdLcFE,5yF1KVO6b0w,EU0Q1dnFUFA,Hrs2vdntsmk,pvuN_WvF1to,UFkCeGVo0Jo,1ohLB30_RBM,47ZwJixoxOo,9Ebdpv0KOlM,u_VsvZmIWxY,W5JZwtGo5zk,0zlJ-ARPADE,9CIlB7kVa64,8PMOlqLVhzw,Xk78czrWKHU,93lrosBEW-Q,v-ac9kg-wYY,bCRDF-jxjS0,pF_MYH4DUWo,E7nR_lD48mo,sxmzng-zFGo
7hkL4zDCKhs,5PQKw4yHzIU,ZlsR4HXbOpM,Kq_7-X7ntsw,fccnLVxFC34,JK-wAfAvJ0g,e4NYR2Yho_M,Ggc9S7v7jA8,p9GVb2TgRps,UsO5jsai70g,iDHggk9NlN8,51Iq8JmmfxY,Lyy3ZijLJ0s,rm8krFiAJBw,N8vaJaFCFYA,reuDtXyKYKY,L8tUtdakpYc,4eZYBVnbuMY,cVsQLlk-T0s,nyHn8y6rchk,IBwaI2PaQMA,Qbad91EEbzo,iQM1uL926rI,2EL65KLdEHE,0ZdxCuS9z8c,5NTvMDEyDpg,n1uAXLl1jD0,0SOhbfVj8sU,5d2B4ZYXb8w,MNxhw0Q2jg4,YKU6K0FzBSo,P3HgZds74Fw,Gjl-RU2VegY,AjQf7FNtwoo,7Tvy3FhmOaw,5O1rbzccKNU,bnCLUqhCDQs,jtXJq_N8dmw,jC3ic72LOuU,toE1mcXoiIo,a6QmVdBTf0g,gPsseDe9mfk,czIBqJ7bC_w,FValudt4N-s,bCLQC0qMNeU,nz0JhqH4HeU,HXcA5sZrRlk,CaXkVeZOExk,P3d37MYpIgM,ZbwEgaEgD7w
R1EWKzKTxZE,t5Sd5c4o9UM,aM9mkO_G2bA,Wx0IEoEEDDg,4qGQnw5iEZ8,8IWJzqmKOkc,eNCly_7w-Ls,7gk6UKi06A0,X9NYfCL4giQ,mLbYSezWmw8,yoYWoqVljrs,J30G5RaoWNk,oSWTXtMglKE,x22PGIighO0,wMskd30Y9Js,VjKzV-P8Jt0,Z4N6Yske8Iw,3ks28hRydEg,HkTevhGVwos,DJTaVFX4HFY,FOMePcs5XPg,xckDgX8xNfg,0wjDFycHhj0,Y0P-2thb4BQ,i4XAcLZZBOM,tWe19KS-i-c,18EicCJEqjQ,tYSNFwo9XcM,uc7zF9rIupM,qqy-IWBvysE,Sa-oXDAnD_Q,ob25XBsyR94,HYmVh6vTVtk,eLabOZX2is8,rrWNiDIoy7c,7Wvnmg7PLi8,37KiCZXlagE,Kv7xs9jYhW8,BE_7ytgOl_U,ZNkTmogFWBU,AQnNjMn69Bo,Tt1IF9QOIZw,Y4T8yb5ubFg,JrOelGtiJqw,EZYWDdTFky8,DFk-xnBbCNI,wBBOcCe9Mak,1xrhm0ac9F0,ONxO4oAlGa8,3D-Rn1nyhrY
zxuNcHA5inE,S5ck6TJQ5Ow,bPYkrJ6z3po,SGsaUqqBpUM,hwhvByj8YG8,NUM-ayQ_RBI,JdxrXYTbm5M,XzqSeFZImRo,I0s940FzD04,aAs2AwyZpfI,NuYBsKCMEjU,8RA5S-3Ql8s,H_-2E6B6OrY,lSp9YzxOsnI,fDATmtk0smA,mXnJqYwebF8,OaPth27_TVM,8cCfvK_S45Q,Ihi4oUE4GAQ,GRJ4rOiCYPc,dtM2Foq-27o,X1SuHByAgno,2sFbLEqqySM,on_vu4DjX4M,NwFiWCUkk4M,IsbnMrp7Bws,wLzzuKK-YtI,fj9qh3XJGY0,Y95c-L58ow0,hfjW8wy5RpQ,u9_mcVlcVII,2Y3xSv5Cs6U,x3Li46OV7qA,sYGSNLuvGEk,cymgssHlhOs,h03w3MSoqU0,TaG5UIQ95cU,L1VAdByxKcM,tzP9yMkXAjs,0mhu5DOjZ9M,Da4rk2Tts40,L6WKbToxYXY,OSBYiXFjci0,TgWKutWMT-o,MOlIWpuUb_U,P8irn0H1J3k,sKm4YqadSGw,beGZUJylPGE,nnhnYABROAg,7aFBncVe28I
ekSZBt2Gat0,RZUq6N7Gx1c,2T3yZm0-64s,XjRWjC0jjqM,r8RuXVX9XXc,ZfHCL14o_no,e4NYR2Yho_M,M34juMGnzQ4,6MV-Nbqx8tg,QcyEJ84BROY,KvuQNNVrbtM,0IA3ZvCkRkQ,XQ6TtUCOl0A,HwxWrStqTYQ,SQSGIRWdPRk,kZqgyIqNxTU,Mn0HNEI9aas,MrLFxBtErjY,e3IuDAi-JIo,7fMUWkdlRHM,BgxrKgx2vHY,xyMHYp0sRGY,xvlZ_QjxIYI,WkW4RTC_mBg,D7aQmLot8mg,3f3K2sEHuIM,-StamY_pm-c,gALvk0zN_dA,E9iHf45Xh34,5E5wo-RunV4,_53cGxAUuDk,2Nlo2ekTRvI,icqHHIr_K8c,bjh6Yo7YOLo,3E4oqAj_u3c,3grwjrZJNac,Q4L8Jzf9tVk,JaAWdljhD5o,et10OD3fRd8,rEXlScN9AO0,Cz4mZJSc62I,2tI0rsHmUsU,Srk7MugXR1Y,ydB2cdhX3LM,_wjhYwt7tbA,YvYeMdH3xj4,bFz0s_-446A,DjMwRzyW9_0,rAOiNDmL2Qg,x3fzDcoxV34
UhiB1kCVIcI,3Yb2-CWjrME,8Ir5l-8pCLk,_Ta_lWbKVUc,z8RnyuU-DJQ,R6HEWmmXw2U,03eGGypSR4o,HgL9LdZO9fI,pwBFOuCrdr4,hQMFBG3seXs,ZygaMqJHM7Y,B4comB8racs,_SIRDMa5Z0o,_kxz7WX4mLU,dN-FdioIYNo,hrjojnwhUFY,GFyy-Ck-esI,Hwnpuvegx6M,Z557boDfmU0,4TcI67yQIR8,XoghigJ1MBA,LIdfBEv8fec,7-OtJrDrgkA,IPRsb_FmL9s,aBSW8TPBEv8,oRP4uAuX_l0,NE-czIipaeI,IRnfwXKgTnM,lbNfB5R0adI,9rwauNOxBDU,QiEz1GleIbs,ioDiTQ2DcFA,Oqkc41gfiKc,fNXTwWgSHWg,Qedfm3ctyjs,pDOcktbeskM,jlbfZXeaFmA,uOp_zylg0iI,b-2E4ByWEZs,qByLXxw9t4M,u2IeUu6YVyk,kLBDuWvcy7U,TO7lDf7q23I,5ZUI6J6NHUc,Ees0npABkhE,zLbuSEI2pZ4,jduBUQ4ZFBg,ZJuXpiEjdcc,pIPH_xwrUNE,pGk05bhgUPg
U9FzgsF2T-s,lp-EO5I60KA,D5gRyI5lM-s,n-lMlG3uB1Q,G-FWYr0xGXg,2LHN9x2fb6g,l6Udc6uDX8o,SiQh3gFLPY0,GqwW46eMLXs,kOqkE05WiRM,mV_Z3Zx0xIs,aefZliX-fwA,Y1JH_AC5eCs,bLGUD9_nZtM,I6jDTpD8Krw,QzsYJMDOe-s,Wjj999WcSeI,LDVLycLB0as,bfHYS-P--F0,4tBOTnHMZMw,bubrZqLi_Sw,KUjCTPbN8IM,Vyb4fOBMWds,JdkopHVVEMc,XPxzE-aj4dI,De7pKrFnMek,e1f7yShH31A,4Ba0Nr0FSRg,6UVZiTGzlnQ,YUkN-n__wR8,X_45jbE5_Y8,Y0J6ZTm7YTc,hkG1aP1sF60,BU6IKtC8CMU,74JKSUgMm4k,IPBH9jKtS00,63RcTv_jgD0,nxhVO63tAO4,bAJeApn2cLo,M0Jail4pUUM,X2493KgtE_c,evDJeJundtg,qzIH7Xihm7E,kp8bLLVWz8w,aCj9AUaJTK0,rp9niMp3AK0,plIGq41Ppcg,vaVR6atxPAc,KAwG2rezsoc,mSXtncgxLCU
e6Qb-f_xpkI,0KSOMA3QBU0,nxPNTsttNQQ,AjAe_Q1WZ_8,7rTZA8Bg2CI,LTmQzyxI7o0,ErTS-aSNxVI,JS5IUi7jesI,U4CdefuHg6I,lb5auSfXj1g,SkOTimhMwSs,SEn4sGH4DWM,8mytRBLLed0,oewt1j-vxJY,16nDwdudUWo,FuXNumBwDOM,LzDHAVo0IPY,TXiofsQex_0,W1YuWj51dWQ,D0NzFatmLCo,PUyGvKOPKaM,0sPcvcV3XRA,ciMtfRNbMqQ,5Sm7VOV1Kig,U5cpoAU7gsw,N1chzTzFDTw,ktvTqknDobU,ezPTt69fCMo,9rtkgG9qzUg,WmQo4cKvVsA,UD9h1cGJM-A,1oFdnrcTcl0,0qap-qGB25I,rmxUPm6lVwM,8s4HNoo4lbQ,9bUzD8kDkd8,o9RXr-Ms_p8,pS-gbqbVd8c,mEFsoxPWY5M,ZhqokZF5OFU,T7-7uc2B13w,IlOa4F-F1KU,oLsUw2-3PDc,a3XtRi_RhB4,MHV5VmahS2w,pg8QKogFWWw,LO8mT02SFJw,NVW_PeDZdhE,c8SZxt1XpeM,kMYvB5n4JOA
x9IimLb3b2U,LKj5MWHTInY,wLGMKCIeWgI,9LYZDsnBEqU,LC98XmGKt2E,lmkaGhDnM38,ytWz0qVvBZ0,nx6m2SLAQXk,PIdAXo6PLIU,kmvHNAFt2OU,e5pCLfGtPaM,tbPqVMbT34Q,JihHmGAEN-c,r4cunxWkwxo,nzU59FVuSRw,9fT1CEf7Wzg,qhJBXX_7JVc,uOxtNLaN1t4,eBY_9HCHhT8,M3qituFxre4,qtNxiQGnsmw,OP-00EwLdiU,KuX90CHDXfY,pVSz13lFhrE,B_80oxpojR0,rP7YArQsDFY,pPyHfJI2Kds,6V67dRnVu6s,AFyR_tdTA40,MbtesOrC5t4,xU7emAbIkNw,haoRVbE-k-o,s3tWMfKppHk,tvUH--5e-os,VrVAptOqfD0,lr8GQUGjTbI,7Fvjj359qLw,17f8Fsaj24g,tlwF34TkT3o,zsCVqFr6j1g,ouObs8DTXBM,ImR-TdDAIJE,XqZsoesa55w,ric3fAOuOsQ,Kq_FyVBL2AU,XIZ8XWCcl2Y,Mjg7ocSWI44,bmMPFZOk5zw#action=share,16bO4QOlOy4,-ZBAPB7i2tc
v47pg_r-fLQ,ZNDBInn5neE,N4F0harDlYA,VC7xkkvzXbE,FJGDZDh2HcU,9ruf67TYBHU,RtsGBykppNw,Zl5KUqgK3rs,ldL8vPUof5k,EkVu2Wo7gqw,FJmszmBXT_I,cE-bnWqLqxE,BZbChKzedEk,2zn4dAuZ2RU,BkS9_BibU_k,SZ4RAOxx6XA,bji5FV1NZyE,uNTodWj8zrU,xjAudI0RUHE,P1x__U-zvfw,BfgeI0CkedU,y5JicO2bKec,i82trFGtY24,KNKEszMNXi8,rK5Hm9BW0lI,IZEvD7D3Ckw,DVwroSUoHNk,4POhk8-WVww,NGzX8ULZI1U,lTIc7SKr9pk,Ybte74XQOi0,YhXayDdyxaU,cXpRRYDIj98,jsJRCujk4nA,Rg8kFb4ictc,llEMcVu6gC8,642N6V6sFsg,UTYHdafasFk,aJg4OJxp-co,7JgmNKVAzjk,3lEfl2-k_tQ,qiRQdq82fKo,PVv_zbzDQlE,TP2CL7cYKog,tDmwo5nsWfQ,3ZOLVkVpFdQ,gVXDvCI32N8,u9zQfuoXlS8,YHeDCm9Ah9c,Wn8tKjdpo8Q
5V8w9wOS5jU,dsUXAEzaC3Q,Xpf1i_mCvW0,6RnIJbl7RLQ,0qjRv6nY4QU,xbSrU6DOWnU,J3UXp9jIr-U,Xq0B15FKV4w,UVR2ThUb6TA,8v7YIgitW9g,PC2XwUazy1Q,kWUjn0k1orM,dnfXXpW7tIw,DxFH4E3Z3WI,JZx5Ase4aHA,tVdr_JWmnsA,KymS-1ZS2ew,VESxHKi2W7M,jOZ0wX1VAZ0,GUKvXMZqPyM,bGvECEOUW4A,hxHdGnodhSg,duu2NePfEo0,l8uTXZGW0JQ,0WYXAbH-Or8,Qga12-bAS4A,OWVEfwNtasM,V4yFn8-0NLI,VL4q9jg-8fw,PkRBF9YIpBY,sX9aFvGfzEI,Iu3Ddf17CSA,SgLisei_Op4,hK5TROrt2ec,wwbRs2xHp_I,0HapQ3szPeU,q1ob82me1vI,wCVukDiRsNs,1Mxo3NWkFis,i3E57knGrDU,dlB6XJamVg0,rI8tr5B7v-c,aLsWMP3sJsU,3I0TV2_QwAA,UprcpdwuwCg,Ebx0RipO_NA,PpBHJHgVtJc,tVLUYX8rDRQ,WY7WhKjTEok,3NPJA8T4Drk
M7XM597XO94,aJ5IzGBnWAc,WVXO6Os_8aw,kpHcf5W9wXI,q31tGyBJhRY,dAfdPFWiF9U,ItL6vcUrpUs,AGlWpezAG_A,xUUL2VRF-AE,fKKpTwb4QWs,5nMipJaJInQ,XHavULz9IWs,T1jXFSj4pTM,o0elOwX8XVk,8yHYwwnkUxA,GWOxh0GYcrU,Pu0ov1wx1Po,F2TXNx7_7UE,xm7FCoDza7E,UdJukZiTlYc,XUsN4ayUmDc,Bwa3_XN4kiw,y-eiXeHUO1c,OMgnfR_NkgU,h8bIXSkot7Y,mQZmCJUSC6g,nYRy_5zi8Rk,Ks_J8LiIB44,kpBaER4JhaA,lTIc7SKr9pk,9Ti4wBKB4Yo,edWKNGRR5x4,DGWdEJrDlhA,aCzy0RofXlo,Gti3F05uX5g,85WXSmegXsM,Pj7qlZZ58VA,30jGWna4-Ns,2z7pZ9nLUr4,rLxNqAqIztw,A5vSlf_nwko,Somyoc8KzTM,HE9nLWFZ6ac,ZUcZUVxyuLw,IWPO-VViwx4,V-KxuREeh7A,bN1_h_eGitE,BqGHxgL52j8,7yuZk543q6s,oerAJaH95OY
rG06ycfSyAw,qFJ3VKnwmJw,4RDC1dsAOSg,UY66zEti6U4,_FX6rml2Yjs,U-gs3Fd-31c,LyhwyY0jPec,6rSiBO_ILc0,sglxvpPW8vk,0ZXwztfyrGU,oMWR_4kVe4Q,w2Ov5jzm3j8,A_hfcRjyJ_Q,0w3XwPVxcsw,aZi8sKGR5Tk,wUfkqYWxLjk,Ue9K1YuvvaI,-ZXePi8-d2U,Oum-qF-0K20,bBAcq8z3nDY,edCFn4HuSoc,WvElbXk405U,96S2To3Tkgo,hg-BecYBGLk,nvlTJrNJ5lA,EErSKhC0CZs,e8m9CWbP4hs,uXaqxgxwmYM,yjFz2D9shpk,qnVDfjh3lb0,GHMY3ppA0JA,vEmD6DgT4SM,KYQGuuTBHLw,x3mAyGYs8l0,bXVJHBcPvGI,qQP6hxOm930,T9bCaW0pcXI,nmjTAnMOVF8,E9vF215E5lw,qy9kBqK4Nm4,KJ-Yfz24yy8,iGAMbNKcN1U,YALcaq41S9g,df1vYisEKXs,X3bq01HtfCQ,VCGIFrFhBg8,2rLcu292K_g,eDxmQZJ7g5s,Yv2gF767hlg,smwn9n6EiMg
UYcrK16o4kU,5GL9JoH4Sws,AkOE3JozvfU,pf91D44yZbA,y-J8zTLG9k0,gVwjcwd7_TU,HSbYW7XNpDc,h93gi6BWIBw,23IkVcLO-uM,X47LY2MryCE,wYCXwwYocb4,GKytpvRblHk,7mhvA5L7KqY,MskMuPDSoL8,B5R4QZe9w58,_2rkSqaJc9Q,mxYQsepYQFw,HE8AqsqGCn4,XtB0rtq5VkI,pPZ73pazbPM,JkD22YcBF5k,hJwaUnKyyGw,8ZQbHzLSD9Q,QfAEY0BrFx8,g7WepVt1gfU,ebGJaKp-gRk,rb7-ZyXOSW0,KwH-D5-h5NY,RJEn6DM2lhE,vdwxUIGEBRA,ehxW_dZXbqk,r-CMgJpvEnE,3Kdn6mqJzHE,BEceJyYFbIc,qmAaXsDk5eU,yORVk5L02a8,D1DuigUYGos,-Tl-c9bqpso,by4cD7KqcpI,UqLzR7gLQmw,Z3QtunT8rrQ,8nhXQS5UUGQ,zjmMwOLiy28,AuYKLZkGshE,cs2j8f7H2WY,EB6CRItkWho,X_AUmIwWbtc,GuDW-f3e-s0,j_BLqLFBPMU,V1wRqr0aZdY
e-kPf-n4Mto,ZbZSe6N_BXs,_EvE5fELBcU,jJMAxpQN2co,Td_RtiE23rM,BZ8t0cVOGkA,MyOZkc5Zwuo,mdl4UXFBOS0,D2aguY1_8q4,0gdPyGbI8RA,r23QfQ9JFNU,f1TZ9giKgXo,V2thB1ncOlM,PIh2xe4jnpk,G42nPWudApY,QLCpqdqeoII,Cg7stkt_uDs,Esp24oyXJiw,PXNGKehL-xo,7YJKt_p1z_c,YUuh9pTiLso,6EPoTFUaAWI,Izg7e_cvBms,ZPLBD1Ibabs,bJBz0vpuJME,xjnvRKDdaWY,xheJ1TTkUx0,KlIX_3ul5Q0,KTZ4obH_ELU,dbPvZpsHFts,9q2PgfYbppY,kuNwY9Ybwdg,9AXmJU9Rm9Q,vlcvLQSIw70,V332dhO0xg4,_Kj1il-zabM,UaFYBbUCBuw,tA0_vr_Ktl8,qov0ypksviU,tz3gENLEYYI,oekYfQpqbkM,SXX_A3K7SJo,GkNpypFRRKo,R2V2Z3vBcDc,i6ZmMCkXNYs,tkFpNVxzhTs,pl3wdwXJI8g,gROmGmbJYeU,inxIo62O5MY,oerAJaH95OY
H4XrDsm7uZo,mRKIdR_cD8w,fZwn3DvC85o,F-DmGlffHIs,7stPE-ccTtE,XEIgjJ_-eLY,6kpLZ7lcAzU,sFNe6GrrLsA,WF6v6jJntWU,KvmczHPxqPg,dWPVoxumJ-U,kCD1VBUuMiQ,HMTXeh6OB3g,Cbpxu9U5-o8,Bowyl9C3GD0,zhf39UcFkzs,1B8LuwrTu0o,xnDM0kVtZqk,3NcYq4vOlB8,ULYiSJWFiuc,9m0xniR3UZY,qHL7SitSJ8c,qbwiNKOk61U,fVXNBvgAcfs,66trss8FSvw,I6okqF9Ykrg,XGHwz0tRcWo,STGsWYH10lw,tOa5ylGsvvc,OjhSwV3IICo,yxjpSkSMTaI,R8-THGKmTkY,JuUI6HOId74,N1-CTdcyaF4,HUAEmeG9Y2g,-2kCKsGg55I,u6ZwRe3MSPk,bkkZIjNKbEA,Y5q06HVEjkY,oMFvWE3DpBs,NRsNKC9CnfI,qOFfvren_hg,cxNXgtnQpTU,zzqJ1F8n_kU,zuCqJcIB6X0,ILzxqugTc8Y,b6wB_4yxRXo,XtKsyJ0w1E0,zAFoyBzSVCw,RZqI3ih-t0k
WII0ZrGj8-Q,AD-4WicNvf4,NFykAuxKVZA,YRA9MUsgZQ4,Cbpxu9U5-o8,CzSwVquqhVw,AxavcHLABrE,h_lbpLvqpKE,dIEhveYFra8,HSSqVm2m_ME,h_lbpLvqpKE,19uiD5ZU6_A,fVXNBvgAcfs,vvK9PYAFvsA,FbGQNJZkw3M,YmL69ouEm68,cxNXgtnQpTU,h4wbz4HVxHI,otPJvJHwB-o,SHGP9IPR1Es,BlqGBvgmGWE,DIVVZlKId-k,lpUeXSo0K3Y,QnhuwJGqEYA,p_O0yY5L1J0,9Ak3Pi9fkJA,iQVdo94WJ4g,n7ok0g8iwJI,S6KP3JzZy6c,iKSfSBZSu_4,n87ynPBViJQ,otPJvJHwB-o,o8qudSxCxBw,u6ZwRe3MSPk,J0ZIAYdm5p4,0ZvuF0WxMeY,ld8X5wxub8g,wqYwu59lYDA,sfCuwjAb8eo,sBDbOySd0nI,8mA3r7HdgAI,ksK4oCjHOSM,PQwUT_3hLUk,5AYVeAo4d0I,gxHui0NfhwU,oGpnLayurvo,6BhvFK-vnZA,6UGPY1X_vFQ,foqPIi92bQ4,iHyUPv9sd8g
RAE8C0iEoRQ,PB9sBxcFcgM,xbm2qWEjgxk,zbfShLmo9oA,CBWoG1D7R5o,qHL7SitSJ8c,LDsvhfWP2Vg,Ujdc0tgQdck,zb6v5-nDt7E,R8-THGKmTkY,a0w99vI9JXA,ylTQVs6rVyY,FaWh92DBkCk,H4XrDsm7uZo,bGiVVY9Huc4,RX6NF89UQTY,u6ZwRe3MSPk,Elyf3hw8yf8,kJyp92xpKTo,O11q11OoZnI,bkkZIjNKbEA,ULYiSJWFiuc,I-hK1YRsQNU,4kLYltL1Flo,9BJG_mRGkwM,Q3DW0OyfJT8,JWL6TpRoTC0,Yg6-zOLsco8,HUAEmeG9Y2g,qzNSX3ftKiw,sFNe6GrrLsA,dB3tbx4dLGo,6rJE2DdVOfo,HxIZ-LkoBFM,_xzNJKjExoU,Dlfy7o8viSw,1B8LuwrTu0o,x1pyLMoSnkc,Jh8hfmOFLzQ,qVQ2KSHqXA8,otPJvJHwB-o,U26ZhnIGPoc,zb6v5-nDt7E,OQl9I3BT_-o,5ZF8qwoEfNc,E2SrvB4EHr0,HnG1MUirIyQ,9Ak3Pi9fkJA,BlqGBvgmGWE,XZcdNuH6nc0
qTzVDFyFKDU,lX1oUNiZdw4,2TclNe2wH5o,SHGP9IPR1Es,_tOSJn5KPzM,HnG1MUirIyQ,hj5ext0xp0M,wSYk8V-KRiY,B-kBExtvW_I,wMblToYoWzA,FUK07SUCzQI,QupjAlD6VQw,iKSfSBZSu_4,uh9jeUTBkpI,Qubb3hzMH8k,f9s4R5DyMdA,cKV6vBCYpAI,YRA9MUsgZQ4,3HrU0qyzd2o,OMCkt6W42_E,WFlAutyo-Q8,rm8r8Hzxpw0,WDGfBfitfC8,vwImK4Qq3uI,mSMO9bqx01U,c9hPYodXmps,1grlSqDqNpg,sfLeYSzqZNg,AD-4WicNvf4,onJR-cfF0l0,bNGUdpHeVYg,E6Pk5RelQDI,bKrQSXGKdlI,cxL0FbTASVw,5y6iPZXC1CM,RX6NF89UQTY,sTXi-vXaACw,Bowyl9C3GD0,Z4tCoXkcXc4,I-hK1YRsQNU,LDsvhfWP2Vg,6cAG5xQIt5s,gWwxg_iHVFc,bkkZIjNKbEA,uVdljhIsNEY,1WoF6OGnYY0,a0w99vI9JXA,XZcdNuH6nc0,vwImK4Qq3uI,CzSwVquqhVw
g3r2VHW7J8w,xXtMYcdTvDo,r-oaGu-wmZU,mYdg6BVNhzQ,hdgimSRGmtw,kCD1VBUuMiQ,sfCuwjAb8eo,VVZvgXmXggk,WX7ADgpyvSw,wW42dPu7B9U,2Gd6-EjSytU,IABkDTidQ-s,bLfl7neBx7M,rm8r8Hzxpw0,FyDsvc5nmjk,hliLIwfryLI,9Ak3Pi9fkJA,MrltVBHrTEU,09fo9j_tcHQ,nfAFPV9r3tg,cxL0FbTASVw,lOUjmBG71S8,n87ynPBViJQ,2HdMot-FsWA,ylTQVs6rVyY,bqrvZfxgCOI,aWamvhd9Y3U,g-sECH3TJWo,cjIhInZsvhs,v0a1xl5wK0M,bJ6q6142CBk,_LQua3CTyAU,OjhSwV3IICo,VTfuOLO1i6M,zC3MzMSmfuI,pRb4amjL9J4,zGh27tIdHFs,ILzxqugTc8Y,WX7ADgpyvSw,QzLbKfDrdUI,RrbEF4pjvDc,zuCqJcIB6X0,2VV9WsyKW1c,uPLjdNoam_I,ka0-G752j-o,c617_9wUhFA,kjdVeKQkJVo,Lw7nZNFiFpY,rW7FcTmyTds,7QmLZlETQio
3OhF3Cu3vCk,1B8LuwrTu0o,kkLwrHy59BQ,YNq2jRH2aPM,Jh8hfmOFLzQ,54lX1XMSC90,jCE49DcrQio,SwA0QVGev6I,KSOeDcq4UGM,Bowyl9C3GD0,1TtgRpoL2J8,G_JOoYfJQ9E,hjU9wjvGIYo,bSiiwnrGRO0,Z_YfnUv_AIs,Pk69253pdFQ,XwZPQ-Pr7Yc,LRgYZ3yEuj0,A6luYTR0hEU,K1hzoVhMU8c,wjZjx5Pk90c,6WrHuGSaEGA,vTKbDCZw-Ss,mYdg6BVNhzQ,1WoF6OGnYY0,bSiiwnrGRO0,WII0ZrGj8-Q,wjZjx5Pk90c,P_e-thKtPAk,37-Tqsy36Lw,S6KP3JzZy6c,3ne1sonRmuo,37-Tqsy36Lw,ssSJwcMOiDA,wW42dPu7B9U,aWamvhd9Y3U,JuUI6HOId74,Qg-yOasnAME,FR1f7C5WEGQ,Z4tCoXkcXc4,6DJ3lq0HX1w,qbwiNKOk61U,DsZb2LRnOIc,QupjAlD6VQw,22lb27oNVqo,yO6Xrpvq4Ac,ZvHZoXJfQr0,CeuS2_PGgpc,rF7v9c8F86g,CJjqKdUmadU
pKmfJ5wkKMg,ND-4RgakhJw,QroxPYRyRoI,NDq1gD3VjOk,Z4tCoXkcXc4,k95WsdAvzxQ,tZtufmPIPPQ,gxHui0NfhwU,Cbpxu9U5-o8,lpUeXSo0K3Y,b6z-KD0hFbI,3IsNF7Os26E,kUri6DWOAVk,GAVe0jVqJ1Q,AI8oYLu4PPY,pKmfJ5wkKMg,iaE7H6vKiNo,c617_9wUhFA,h_lbpLvqpKE,srSJi9KVszg,Tc2NfehkmMI,vvK9PYAFvsA,MHp7yxjeD6M,QupjAlD6VQw,qOFfvren_hg,y8Dffqzdzdg,xEb5b4trCqE,MXAcbz7U8hk,3ne1sonRmuo,jQFhuq0UaBo,6kpLZ7lcAzU,I-hK1YRsQNU,fb1x_BZFNpg,LcEC_gGW-Gc,AxavcHLABrE,Dw3pioLQDKI,vIRiZrBZVmo,Yg6-zOLsco8,yZSmlNDepZ4,GE28lKnwnXg,MrltVBHrTEU,oX_f7RjNMUo,PBycRJu6poQ,WQTCdENLSN4,LDsvhfWP2Vg,Z_YfnUv_AIs,G9sq0jXhAvQ,bXMG6QmGLhs,vPPCmLJm4r0,09fo9j_tcHQ
2Dx9dE7Vej4,_rLCEDH_FmU,u00RGoNT4Rk,v133sU7W_MU,_HI-NzSu_JY,oyfNnH9pE0M,srSJi9KVszg,GS2e73PuorY,2HdMot-FsWA,nZrNY4TnQao,EhMc4lRG6wM,DIVVZlKId-k,hWqhNAQplVk,GhGTZ9TKBtU,SNzOEc9MhaY,g-sECH3TJWo,mSMO9bqx01U,k95WsdAvzxQ,qbwiNKOk61U,WM_Xf-6Gilk,1B8LuwrTu0o,4O4QOaie4ls,AoTeQnYC_Rk,zb6v5-nDt7E,vYM_wzVs2rI,Z5sfov9QSW0,Dw3pioLQDKI,u6ZwRe3MSPk,6WrHuGSaEGA,CBWoG1D7R5o,6rJE2DdVOfo,fMC393AaYf8,tIzUiOj5XO4,aq8gsMM2Mw0,WvvOvGwQC6Y,uzxbEQbrRLs,yxjpSkSMTaI,60L-yeJb-BY,aHAr-kHlqPQ,WqxBjAjVrtI,3NU1eAXfHTg,60L-yeJb-BY,h2JACZ1CgL0,PBycRJu6poQ,m5eZgHGqotQ,vU143YrHkBQ,Msdj6HL-XRw,jujdEYjc7E8,3IsNF7Os26E,x8yBs91vTz0
d1FbCMuuO4g,PXSXsD1D3fM,zzqJ1F8n_kU,F2Glcj-lpb4,JuUI6HOId74,0UpWIPOn8DI,ujOT6HrbLlc,2HdMot-FsWA,qOFfvren_hg,QgsO8fpVo3c,_xzNJKjExoU,noCSpgQp640,u8WJZx-Di7s,p525Vozy_wQ,ZTEtvMoUjas,AD-4WicNvf4,OMCkt6W42_E,m5eZgHGqotQ,5zr6Jbx9FKc,M_30iuWO0D0,H4XrDsm7uZo,zTMv11kwc3I,g3r2VHW7J8w,i_a5CKPt1MY,dIEhveYFra8,ZaH5zVWfsOE,Dh5TtfS-dr4,2TclNe2wH5o,yhKt7j6YRo0,yYPLkGsjMt0,UwK-LCRyvXE,tZtufmPIPPQ,os00ZR7WxkA,13REm0jje2Q,SJpA-4PWV9c,KvmczHPxqPg,qOFfvren_hg,kjdVeKQkJVo,Qcd6xUYyoog,dAE1zxucTTM,_HYa-yI67sc,rTEg3zU0F2o,13REm0jje2Q,iKSfSBZSu_4,NFykAuxKVZA,t0AU_DTOvm4,o8qudSxCxBw,jzhD4xaKykI,c_ptAkcdTWE,FYvT_pJuk4Q
lzagwmC3Ad8,srSJi9KVszg,GzCHN2m6UoE,bhrBDP50pEU,HUAEmeG9Y2g,nCRhdUtKzw0,lzMwvRJdJgk,qmOJ3LFhiLI,W5M61rDRf9E,i_a5CKPt1MY,1grlSqDqNpg,JuUI6HOId74,_HYa-yI67sc,N1-CTdcyaF4,SQbwz4cEi5c,3ne1sonRmuo,Z5sfov9QSW0,PQwUT_3hLUk,oX_f7RjNMUo,sBDbOySd0nI,i_a5CKPt1MY,IKZcAuKEtsw,IdBydB9jNsk,qp4LSRHKTuI,o4P7Kr17RX8,_HI-NzSu_JY,6WrHuGSaEGA,Qubb3hzMH8k,P1XEJI9mpdo,WII0ZrGj8-Q,c9hPYodXmps,PQwUT_3hLUk,Jh8hfmOFLzQ,J0ZIAYdm5p4,3ne1sonRmuo,vPPCmLJm4r0,UIMmagLpoPY,5qi9TczlHCE,wMblToYoWzA,jHJgV6JQVd0,dAE1zxucTTM,qzNSX3ftKiw,5AYVeAo4d0I,_HYa-yI67sc,oGpnLayurvo,jakWziyHsv8,dfKBzlHo2cQ,3NcYq4vOlB8,80L_2taK60U,HjowCuA8kC0
qHL7SitSJ8c,nyOtygooaYU,6cAG5xQIt5s,k95WsdAvzxQ,VTfuOLO1i6M,xPhDD-Q_5KA,lOUjmBG71S8,n87ynPBViJQ,1WoF6OGnYY0,F-DmGlffHIs,bXMG6QmGLhs,lOUjmBG71S8,hhqJ4x8eGNA,AoTeQnYC_Rk,NFykAuxKVZA,GKNCDuRJmiI,v75FUY6T8oA,2VV9WsyKW1c,NahksAz7MJQ,os00ZR7WxkA,dB3tbx4dLGo,_tOSJn5KPzM,3FH54blLrAI,Rc3lO9NeWc0,yYR00Hqjjhs,Zb0xm6ZMLM4,lzMwvRJdJgk,QnhuwJGqEYA,9Ak3Pi9fkJA,SHGP9IPR1Es,dIEhveYFra8,sfCuwjAb8eo,6txyPfAchKY,HYRb0tG_eq0,bhrBDP50pEU,ErbcwR_0IE4,WF6v6jJntWU,jzhD4xaKykI,hKTW-4FVYqA,VwSo72vemi8,8lDUbNzZsNs,G_JOoYfJQ9E,S9XnmFGK9jw,VERZrzrYm4w,jI2_yFCyxDs,9Ak3Pi9fkJA,UHqZ7u6jM3o,KvmczHPxqPg,QyzUEC_Mg3Q,bNGUdpHeVYg
GE28lKnwnXg,miriYIA-XhE,J7NfnTQtwKI,uitJPGMdiB4,XagyK02CaX4,QzLbKfDrdUI,otPJvJHwB-o,q5BvmcEdu1c,MrltVBHrTEU,fMC393AaYf8,sfLeYSzqZNg,mFynArHDBh8,eVDfOjIiUg4,gIhH3naEoAE,k2hvLdmipqI,BrPlCjTA8Qk,vU143YrHkBQ,IVE5c4wEpeA,ZMl9A1yX0GY,3HrU0qyzd2o,niObRtJh5iY,CqNmoYSETCc,Pq7Sn6rbcgM,R_SJjbet5pI,pKmfJ5wkKMg,c8os4J8zGeU,6txyPfAchKY,Xkae4H51UCE,KSOeDcq4UGM,E2f7yjAorVU,HSSqVm2m_ME,t0Ns_a69i7w,qT9QeyvMc7A,iAHwe_rZ3NA,R41IFLFN2bo,XP1r9UUltho,tqFb0g5QHLs,Hr_2OXbely0,HbMHacExP8g,Jh8hfmOFLzQ,ErbcwR_0IE4,ES_byG3R9-k,lzMwvRJdJgk,lRZnZMJxjFw,gIhH3naEoAE,4kLYltL1Flo,bxHVBk3hRZI,OQl9I3BT_-o,HbMHacExP8g,oXFlvf-k0-M
c9hPYodXmps,PVLgBxYQfHM,Elyf3hw8yf8,w0H9b7K-60g,7lzJZJtaYjk,pKmfJ5wkKMg,QzLbKfDrdUI,nfAFPV9r3tg,nZrNY4TnQao,Ziez_8Z_H0c,hjv8yTkpkh4,VVZvgXmXggk,PaenKRvk_Uo,4BB_pebGQ4s,qOFfvren_hg,r-oaGu-wmZU,_HYa-yI67sc,mYdg6BVNhzQ,AxavcHLABrE,d5nJqwFKKJ4,E2SrvB4EHr0,R41IFLFN2bo,Pk69253pdFQ,DQbvQJYBMt0,uMa5R6FyMSU,Ujdc0tgQdck,SNzOEc9MhaY,vIRiZrBZVmo,_0H69p4ilNE,_rLCEDH_FmU,0ap8sJ0zdSc,wjZjx5Pk90c,09fo9j_tcHQ,_zYJvyzVYNk,MFAWbTdZt4Y,9m0xniR3UZY,VQxBQjuVH1Y,PXSXsD1D3fM,7t8BqM_p7BM,jakWziyHsv8,bKrQSXGKdlI,bx3V92ou0lk,uGzFi4Zl5VE,dYWTCEKZPg8,7stPE-ccTtE,_xzNJKjExoU,iHyUPv9sd8g,eFubqQDOB9c,4jME_P9nipw,vvK9PYAFvsA
w8emh_4QfqI,Cbpxu9U5-o8,SJpA-4PWV9c,k4ZvHRnguzI,07a8Iokrv7g,PXSXsD1D3fM,Y-ndVYTRMi0,zsaYVZi2xfs,ZMl9A1yX0GY,BLu5hic3s7M,6RGdWynHp1w,4kLYltL1Flo,8j-KEj17J9w,S9XnmFGK9jw,WQo1pwglhzg,_HYa-yI67sc,yYPLkGsjMt0,mn7JK8KsC20,tM2QLzrsiCw,oGpnLayurvo,V-zt_Blu6Wc,S1qOIJt5U54,coWfGIQIU4o,mRKIdR_cD8w,OQl9I3BT_-o,ssSJwcMOiDA,19uiD5ZU6_A,HQJAx5XSuUI,k2hvLdmipqI,CEUd_oi0_34,Tc2NfehkmMI,uh9jeUTBkpI,V-zt_Blu6Wc,bv1FINZsM0Y,FYvT_pJuk4Q,tZtufmPIPPQ,BrPlCjTA8Qk,n87ynPBViJQ,Msdj6HL-XRw,ApyQkFpjjFw,F9b6131hpVo,uzxbEQbrRLs,hWqhNAQplVk,SQrLjzozZDg,2Gd6-EjSytU,jQFhuq0UaBo,MrltVBHrTEU,31UaDgvtzCs,6WrHuGSaEGA,ZTEtvMoUjas
di2JQEbJ2ow,m5eZgHGqotQ,_HYa-yI67sc,mFc5m2lzSYA,tTxFOzm11hM,tqFb0g5QHLs,1TtgRpoL2J8,aHoVepfy_bw,Tc2NfehkmMI,6txyPfAchKY,WQo1pwglhzg,onJR-cfF0l0,sTXi-vXaACw,F-DmGlffHIs,_0H69p4ilNE,Zv7J91_fb24,3TnUvAK1oRU,UIMmagLpoPY,BaMvCht4pec,PPKOPgHp_2Q,3NU1eAXfHTg,aHoVepfy_bw,_EhyrG0hg44,ZY1ZE5My9LA,XagyK02CaX4,8j-KEj17J9w,4O4QOaie4ls,ApyQkFpjjFw,tRNUT1N205E,ZnwsQ2y1WPU,1B8LuwrTu0o,6BhvFK-vnZA,F-DmGlffHIs,Yw5A6u4hAUI,wSYk8V-KRiY,U26ZhnIGPoc,MrltVBHrTEU,46QBGLz33FY,ufFa5xBYPd0,AI8oYLu4PPY,8esLf1v5NQ8,rF7v9c8F86g,oDnqDg7Q210,oGpnLayurvo,5w7mW4hf9jA,_38DA87hH9k,u8WJZx-Di7s,5uTYFXbN8q4,P00_2sBSOck,GlmVgxNqsPw
46QBGLz33FY,bXMG6QmGLhs,4kLYltL1Flo,PmDpcfqHRMU,tM2QLzrsiCw,OQl9I3BT_-o,aq8gsMM2Mw0,P1XEJI9mpdo,jujdEYjc7E8,sFNe6GrrLsA,HxIZ-LkoBFM,5nlhnD3-I3Q,srSJi9KVszg,DszEdwcS2iI,6kpLZ7lcAzU,yFTBD-jNfBI,MrltVBHrTEU,Z4tCoXkcXc4,ojhWhBe-epw,MTXNvSFRZbU,Ziez_8Z_H0c,boZIofptQiw,6rJE2DdVOfo,BvgWoutHWD0,-9StG9sV4zk,noCSpgQp640,B2t35D6FjP0,bSiiwnrGRO0,bx3V92ou0lk,cszFzh_nkWg,j0QhapLz_UM,H4XrDsm7uZo,sfCuwjAb8eo,X7PgY9XsKas,lshldPpgvUU,qmOJ3LFhiLI,7t8BqM_p7BM,zGh27tIdHFs,YCPF82Ds7nc,MFAWbTdZt4Y,Yw5A6u4hAUI,iAHwe_rZ3NA,WM_Xf-6Gilk,UHqZ7u6jM3o,dYWTCEKZPg8,QroxPYRyRoI,0mGe9PYkzmo,a0w99vI9JXA,tM2QLzrsiCw,72A1wfTv0wU
SNzOEc9MhaY,qiHs1WUr9MI,lX1oUNiZdw4,EJ3u-mQkdwY,2VV9WsyKW1c,kiiy3jo5jlw,NDq1gD3VjOk,vkHgR2feUYM,vPPCmLJm4r0,ojhWhBe-epw,FaWh92DBkCk,YUT-p2so_k4,Elyf3hw8yf8,nZrNY4TnQao,72A1wfTv0wU,8cVfMD67e8o,wjZjx5Pk90c,IdBydB9jNsk,JuUI6HOId74,NahksAz7MJQ,efRorhCZcfE,Zv7J91_fb24,qHL7SitSJ8c,ZnwsQ2y1WPU,Ziez_8Z_H0c,aq8gsMM2Mw0,5AYVeAo4d0I,Z_YfnUv_AIs,72A1wfTv0wU,Pk69253pdFQ,lnGlomz6pLA,zTMv11kwc3I,XoOOWHapQe0,FyDsvc5nmjk,hj5ext0xp0M,ZnwsQ2y1WPU,SwA0QVGev6I,AoTeQnYC_Rk,BlqGBvgmGWE,O3iWnOhwF-Y,v133sU7W_MU,YNq2jRH2aPM,19uiD5ZU6_A,R41IFLFN2bo,3vf7KcedR1k,hliLIwfryLI,MFAWbTdZt4Y,R_SJjbet5pI,cjIhInZsvhs,xEb5b4trCqE
ssSJwcMOiDA,22lb27oNVqo,_tOSJn5KPzM,19uiD5ZU6_A,qVQ2KSHqXA8,BIRWHBDGlbs,m_sVt6LkYls,uMa5R6FyMSU,E2SrvB4EHr0,Msdj6HL-XRw,BLu5hic3s7M,q35lmRO2TA0,cszFzh_nkWg,d1FbCMuuO4g,R41IFLFN2bo,b6wB_4yxRXo,SNzOEc9MhaY,gIhH3naEoAE,3TnUvAK1oRU,dPBXhgZqGeg,xe6aGbuGnvk,2Dx9dE7Vej4,IKZcAuKEtsw,SQrLjzozZDg,OjhSwV3IICo,hhqJ4x8eGNA,Jh8hfmOFLzQ,Yri0MVUI878,8lDUbNzZsNs,_38DA87hH9k,k4ZvHRnguzI,XoOOWHapQe0,Yw5A6u4hAUI,5KfiM9McgKs,PmDpcfqHRMU,Msdj6HL-XRw,Zb0xm6ZMLM4,_LQua3CTyAU,cxL0FbTASVw,G_JOoYfJQ9E,_tOSJn5KPzM,6TTH54OcM4U,MFAWbTdZt4Y,kyFYD_or_1o,ErbcwR_0IE4,m5eZgHGqotQ,usTCGORwStQ,lzagwmC3Ad8,vkHgR2feUYM,MTXNvSFRZbU
-2kCKsGg55I,80L_2taK60U,hWqhNAQplVk,KdWCpp5y56g,R8-THGKmTkY,mn7JK8KsC20,S1qOIJt5U54,qp4LSRHKTuI,NFykAuxKVZA,1B8LuwrTu0o,f36snron1Gs,jakWziyHsv8,qiHs1WUr9MI,qiHs1WUr9MI,3OhF3Cu3vCk,H4XrDsm7uZo,R8-THGKmTkY,j7EJO3Vti0s,I7N-7Hyv848,vZVgVK45m6U,qiHs1WUr9MI,aUgWhUkkzr4,FR1f7C5WEGQ,YCPF82Ds7nc,4kLYltL1Flo,CzSwVquqhVw,pRb4amjL9J4,80L_2taK60U,zuCqJcIB6X0,rDzKPk4hotw,MOPIizvf7nI,I6okqF9Ykrg,G9sq0jXhAvQ,bLfl7neBx7M,i76A3xsla7g,rPeuhqqdH-4,wjZjx5Pk90c,fVXNBvgAcfs,Dh5TtfS-dr4,FR1f7C5WEGQ,rWSWHZgyGvU,nOQzjdxt_mM,ganq9gXPdH8,bx3V92ou0lk,f36snron1Gs,mn7JK8KsC20,34MD7v-W2x0,jixRjRfc9wg,IUVQ_S1sUuk,IKZcAuKEtsw
VftG23WRjls,j0QhapLz_UM,JMt_v6Mas4c,j0QhapLz_UM,ZaH5zVWfsOE,qVQ2KSHqXA8,lpUeXSo0K3Y,PVLgBxYQfHM,Y5q06HVEjkY,ksK4oCjHOSM,j71q6rVd1Ww,YvF9RVTQCzg,QPW1nzUwmS8,bl0Way1bQS4,lhg_UTVA6E0,zD246ig0-gI,wMblToYoWzA,80L_2taK60U,pRb4amjL9J4,2Dx9dE7Vej4,LRgYZ3yEuj0,3ne1sonRmuo,qiHs1WUr9MI,-2kCKsGg55I,vPPCmLJm4r0,qiHs1WUr9MI,8esLf1v5NQ8,2Dx9dE7Vej4,fb1x_BZFNpg,gWwxg_iHVFc,uGzFi4Zl5VE,BIRWHBDGlbs,gVckLs-ze0I,ZvHZoXJfQr0,KDqnPt4sGU0,dYWTCEKZPg8,ZTEtvMoUjas,YNq2jRH2aPM,jbtH5DohF0w,ayLjRDho4Mo,1B8LuwrTu0o,-2kCKsGg55I,kyFYD_or_1o,E2SrvB4EHr0,Yg6-zOLsco8,lDSUURKfzo8,MXAcbz7U8hk,PXSXsD1D3fM,XP1r9UUltho,qp4LSRHKTuI
3zFFS0TfaKk,Fav53yHjLPM,j0uf1txDObo,e6tujIkhaRw,VqXTuTTJUaU,mYdg6BVNhzQ,niObRtJh5iY,O11q11OoZnI,ErbcwR_0IE4,HUAEmeG9Y2g,UQwnpg9R-7s,yhKt7j6YRo0,ILzxqugTc8Y,CBWoG1D7R5o,cKV6vBCYpAI,FUK07SUCzQI,M5MoaPhV4Oc,SQbwz4cEi5c,niObRtJh5iY,7t8BqM_p7BM,95f-qkPdfWw,Y5q06HVEjkY,QzLbKfDrdUI,9dh1hbTLCZc,XZcdNuH6nc0,O11q11OoZnI,t0AU_DTOvm4,aUgWhUkkzr4,nfAFPV9r3tg,p_O0yY5L1J0,VERZrzrYm4w,fVXNBvgAcfs,RQJH6hURgrw,Bowyl9C3GD0,CqNmoYSETCc,tqFb0g5QHLs,e6tujIkhaRw,niObRtJh5iY,GoNU8Xg_Kg4,kiiy3jo5jlw,P_e-thKtPAk,5ZF8qwoEfNc,_EhyrG0hg44,N1-CTdcyaF4,zGh27tIdHFs,iKSfSBZSu_4,srSJi9KVszg,6IBGMDrKWfc,07a8Iokrv7g,C10lZkJTZkA
xbm2qWEjgxk,7LkbOnmOYJY,G9sq0jXhAvQ,Msdj6HL-XRw,wSYk8V-KRiY,ganq9gXPdH8,wW42dPu7B9U,1B8LuwrTu0o,M5MoaPhV4Oc,4v1okm-ML2s,46QBGLz33FY,N1-CTdcyaF4,Yf2CI0EDO1U,76A7yAd5ycY,nfAFPV9r3tg,aq8gsMM2Mw0,0Pkfv2vhtzc,uMa5R6FyMSU,RCVMG_Yb0QA,tM2QLzrsiCw,MFAWbTdZt4Y,dB3tbx4dLGo,2HdMot-FsWA,Z5sfov9QSW0,Yri0MVUI878,yFTBD-jNfBI,qzNSX3ftKiw,YCPF82Ds7nc,80L_2taK60U,HxIZ-LkoBFM,EJ3u-mQkdwY,b6wB_4yxRXo,ErbcwR_0IE4,5qi9TczlHCE,9h-BrGnbbz0,9Ak3Pi9fkJA,HxIZ-LkoBFM,X7PgY9XsKas,zKe5QOfBlhE,r-oaGu-wmZU,NXT7IJzhLbc,7t8BqM_p7BM,QgsO8fpVo3c,ganq9gXPdH8,U26ZhnIGPoc,qiHs1WUr9MI,VVZvgXmXggk,RZqI3ih-t0k,i76A3xsla7g,jCE49DcrQio
IUVQ_S1sUuk,agbLbBZVi-A,6DJ3lq0HX1w,tRNUT1N205E,Tq0OUbQwYII,HHxpQ9KcKHo,rPeuhqqdH-4,SHGP9IPR1Es,bv1FINZsM0Y,CJjqKdUmadU,jZvZcT8n38c,GU3i_PMFUtU,qp4LSRHKTuI,c9hPYodXmps,QnhuwJGqEYA,4BB_pebGQ4s,bLfl7neBx7M,FYvT_pJuk4Q,PBycRJu6poQ,I6okqF9Ykrg,kjI_GnPRYfw,HMTXeh6OB3g,uitJPGMdiB4,k2hvLdmipqI,22lb27oNVqo,XGHwz0tRcWo,4kLYltL1Flo,_0H69p4ilNE,_HYa-yI67sc,aBZNOQFCPbo,rDzKPk4hotw,MICo_jH8dMQ,AjsFvKRc-_s,vwImK4Qq3uI,aq8gsMM2Mw0,l3funO9-HLc,RZqI3ih-t0k,DIVVZlKId-k,mSMO9bqx01U,Yf2CI0EDO1U,xXtMYcdTvDo,SQbwz4cEi5c,1grlSqDqNpg,4v1okm-ML2s,niObRtJh5iY,GzCHN2m6UoE,hhqJ4x8eGNA,4v1okm-ML2s,wqYwu59lYDA,dOm0KyfjlDE
dYWTCEKZPg8,cszFzh_nkWg,IdBydB9jNsk,6UGPY1X_vFQ,80L_2taK60U,zsaYVZi2xfs,OQl9I3BT_-o,8mA3r7HdgAI,Yri0MVUI878,MOPIizvf7nI,7t8BqM_p7BM,6TTH54OcM4U,zD246ig0-gI,zuCqJcIB6X0,lQfXtPOWnXo,zC3MzMSmfuI,uPLjdNoam_I,VwSo72vemi8,1B8LuwrTu0o,6BhvFK-vnZA,3OhF3Cu3vCk,5D959BDJUTs,34MD7v-W2x0,E7fdBhBPU_w,C10lZkJTZkA,ojhWhBe-epw,DszEdwcS2iI,tqFb0g5QHLs,NDq1gD3VjOk,eZVv2AOCnaA,7WmKjc4jtqU,3vf7KcedR1k,X9oLfmcRSog,_38DA87hH9k,1B8LuwrTu0o,kUri6DWOAVk,3NcYq4vOlB8,kJyp92xpKTo,VlJLsgSJOMw,Xkae4H51UCE,F-DmGlffHIs,VTfuOLO1i6M,Zb0xm6ZMLM4,HUAEmeG9Y2g,QTfYELI2yyk,YvF9RVTQCzg,Pq7Sn6rbcgM,BvgWoutHWD0,QupjAlD6VQw,ES_byG3R9-k
37-Tqsy36Lw,b4PK94yRJns,iAIVKkIyykE,boZIofptQiw,Yf2CI0EDO1U,qiHs1WUr9MI,hWqhNAQplVk,coWfGIQIU4o,HHxpQ9KcKHo,rF7v9c8F86g,ZnwsQ2y1WPU,gsfOA8i0YJY,XZcdNuH6nc0,4v1okm-ML2s,QW29czNUBWY,q35lmRO2TA0,GpHp1IOQblM,4gIlcyh99IQ,0ZvuF0WxMeY,4gIlcyh99IQ,q5BvmcEdu1c,1iUmt8gMJGs,NJmsXolVLYk,w0H9b7K-60g,5y6iPZXC1CM,5ZF8qwoEfNc,O3iWnOhwF-Y,X9oLfmcRSog,P00_2sBSOck,PaenKRvk_Uo,PXSXsD1D3fM,PPKOPgHp_2Q,x1pyLMoSnkc,xnDM0kVtZqk,ZaH5zVWfsOE,jI2_yFCyxDs,NdJ32BkyU9Q,uh9jeUTBkpI,N1-CTdcyaF4,zfkzhI7M_HE,34MD7v-W2x0,rW7FcTmyTds,66trss8FSvw,RQJH6hURgrw,dPBXhgZqGeg,WII0ZrGj8-Q,hjv8yTkpkh4,DMWwF_WoGSU,MHp7yxjeD6M,VyrD0NsXe8Y
YRA9MUsgZQ4,OMCkt6W42_E,t0Ns_a69i7w,XYEkPnD-G3c,CEUd_oi0_34,iAP6VPwbhCA,R_SJjbet5pI,p525Vozy_wQ,CeuS2_PGgpc,D3VoOj9UVQk,lRZnZMJxjFw,oDnqDg7Q210,29UsG2O0egc,Y5q06HVEjkY,5nlhnD3-I3Q,iKSfSBZSu_4,5w7mW4hf9jA,lnGlomz6pLA,vYM_wzVs2rI,yZSmlNDepZ4,aytlqvkTt8M,PQwUT_3hLUk,g-sECH3TJWo,HS0_jxpfbqs,hjU9wjvGIYo,wSYk8V-KRiY,XEIgjJ_-eLY,J6SWUPZnSmA,l3funO9-HLc,YjFp0Qdgfd4,JWL6TpRoTC0,6rJE2DdVOfo,NMOjDMYNqUo,Qg-yOasnAME,VqXTuTTJUaU,-9StG9sV4zk,kjI_GnPRYfw,hj5ext0xp0M,lhg_UTVA6E0,h4wbz4HVxHI,FbtREjpaXuw,01yAtHPv47k,cszFzh_nkWg,07U-bFB65y4,Ujdc0tgQdck,X9oLfmcRSog,isG6V7RcF7E,bSiiwnrGRO0,4gIlcyh99IQ,fMC393AaYf8
ULYiSJWFiuc,ZvHZoXJfQr0,h_lbpLvqpKE,oyfNnH9pE0M,rW7FcTmyTds,9Ak3Pi9fkJA,7WmKjc4jtqU,hliLIwfryLI,wNIrk5sPMrU,AoTeQnYC_Rk,_tOSJn5KPzM,R1NJxeStf64,_0H69p4ilNE,60L-yeJb-BY,eFubqQDOB9c,Zb0xm6ZMLM4,DMWwF_WoGSU,dWPVoxumJ-U,K90pOywy-SE,X7PgY9XsKas,BqZERGA8Hs0,uVdljhIsNEY,b4PK94yRJns,3NU1eAXfHTg,xPhDD-Q_5KA,-2kCKsGg55I,5w7mW4hf9jA,bxHVBk3hRZI,VVZvgXmXggk,8VoW6itIaOo,AD-4WicNvf4,IdBydB9jNsk,wHah89QCxVg,f36snron1Gs,y7ktkbXNPPc,R8-THGKmTkY,c_ptAkcdTWE,oXFlvf-k0-M,VVZvgXmXggk,WQo1pwglhzg,iaE7H6vKiNo,DsZb2LRnOIc,DMWwF_WoGSU,Bowyl9C3GD0,tIzUiOj5XO4,u8WJZx-Di7s,66trss8FSvw,3NU1eAXfHTg,yZSmlNDepZ4,LDsvhfWP2Vg
Qcd6xUYyoog,XZcdNuH6nc0,WQo1pwglhzg,bBdiuYS2GdM,E2SrvB4EHr0,wMblToYoWzA,29UsG2O0egc,S6KP3JzZy6c,qT9QeyvMc7A,MTXNvSFRZbU,GzCHN2m6UoE,eLOcKayL5EI,3HrU0qyzd2o,I7N-7Hyv848,5KBV4A9oykE,4v1okm-ML2s,13REm0jje2Q,DQbvQJYBMt0,I6okqF9Ykrg,PQwUT_3hLUk,E7fdBhBPU_w,nfAFPV9r3tg,wqYwu59lYDA,8VoW6itIaOo,54lX1XMSC90,I-hK1YRsQNU,niObRtJh5iY,WFlAutyo-Q8,YCPF82Ds7nc,MzpAQGQjmHg,5KBV4A9oykE,SJpA-4PWV9c,_38DA87hH9k,vzPVsFUXvas,MICo_jH8dMQ,QTfYELI2yyk,FaWh92DBkCk,HYRb0tG_eq0,rPeuhqqdH-4,lzMwvRJdJgk,Xkae4H51UCE,NRsNKC9CnfI,tOa5ylGsvvc,jSDh7-kSY_0,v75FUY6T8oA,Qcd6xUYyoog,qylG7zcuIDA,n7ok0g8iwJI,Y5q06HVEjkY,cqrHWaUw4RQ
AxavcHLABrE,jixRjRfc9wg,oDEbcjasl8U,09fo9j_tcHQ,qmOJ3LFhiLI,Yw5A6u4hAUI,-9StG9sV4zk,0Pkfv2vhtzc,Zb0xm6ZMLM4,w8emh_4QfqI,lobBY9lonsI,ujOT6HrbLlc,R41IFLFN2bo,Z4tCoXkcXc4,_QkUGWf2ZPA,CqNmoYSETCc,tM2QLzrsiCw,XlzvnlCNCEA,nZrNY4TnQao,MZgCYXrWLco,vU143YrHkBQ,p525Vozy_wQ,w0H9b7K-60g,HAeuLIUJBDw,JuUI6HOId74,3OhF3Cu3vCk,vJyvHzrfIKQ,eVDfOjIiUg4,ayLjRDho4Mo,STGsWYH10lw,STGsWYH10lw,JuUI6HOId74,2TclNe2wH5o,9qHSUYN99YA,pRb4amjL9J4,zD246ig0-gI,WQo1pwglhzg,v0a1xl5wK0M,VqXTuTTJUaU,FbGQNJZkw3M,eZVv2AOCnaA,lQfXtPOWnXo,Y5q06HVEjkY,LcEC_gGW-Gc,PVLgBxYQfHM,pKmfJ5wkKMg,G_JOoYfJQ9E,HS0_jxpfbqs,eVDfOjIiUg4,aBZNOQFCPbo
WQTCdENLSN4,VTfuOLO1i6M,I7N-7Hyv848,x4Z6wCMdijU,m5eZgHGqotQ,60L-yeJb-BY,MzpAQGQjmHg,RX6NF89UQTY,5bpzKXH9x8E,46QBGLz33FY,Jh8hfmOFLzQ,PB9sBxcFcgM,R1NJxeStf64,ZMl9A1yX0GY,VTfuOLO1i6M,ae6S9i6dXAk,WM_Xf-6Gilk,hdgimSRGmtw,QF2RsgU0os0,XYEkPnD-G3c,nZrNY4TnQao,k4ZvHRnguzI,oDEbcjasl8U,Pq7Sn6rbcgM,Z5sfov9QSW0,zD246ig0-gI,ErbcwR_0IE4,ufFa5xBYPd0,RZqI3ih-t0k,4gIlcyh99IQ,7t8BqM_p7BM,zC3MzMSmfuI,iKSfSBZSu_4,ovTB_EaP_iw,qzNSX3ftKiw,MOPIizvf7nI,dWPVoxumJ-U,MzpAQGQjmHg,oXFlvf-k0-M,XtKsyJ0w1E0,ZTEtvMoUjas,9h-BrGnbbz0,w8emh_4QfqI,PmDpcfqHRMU,ssSJwcMOiDA,j0uf1txDObo,XsKE7aSwwdc,gWwxg_iHVFc,t5zGiMdHWxw,tIzUiOj5XO4
m_sVt6LkYls,n7ok0g8iwJI,R1NJxeStf64,Jd8PVcCS5Mk,1iUmt8gMJGs,Q2IeuO5DaKM,qHL7SitSJ8c,4kLYltL1Flo,eVDfOjIiUg4,q5BvmcEdu1c,KvmczHPxqPg,JWL6TpRoTC0,BIRWHBDGlbs,gxHui0NfhwU,j_KMiIIdw4c,09fo9j_tcHQ,r4DYB-1FZ68,ojhWhBe-epw,yYPLkGsjMt0,lpUeXSo0K3Y,jZvZcT8n38c,80L_2taK60U,PmDpcfqHRMU,bWXRbrtNWas,5D959BDJUTs,HxIZ-LkoBFM,lDSUURKfzo8,XsKE7aSwwdc,GS2e73PuorY,6TTH54OcM4U,yFTBD-jNfBI,vkHgR2feUYM,eKfAxEk034A,qbwiNKOk61U,gsfOA8i0YJY,bx3V92ou0lk,9qHSUYN99YA,PaenKRvk_Uo,Lw7nZNFiFpY,k95WsdAvzxQ,D18tKa9TO2I,rOSlKJ_XKmo,uzxbEQbrRLs,0ap8sJ0zdSc,rF7v9c8F86g,0ap8sJ0zdSc,J0ZIAYdm5p4,j_KMiIIdw4c,XZcdNuH6nc0,eLOcKayL5EI
cxL0FbTASVw,AoTeQnYC_Rk,3FH54blLrAI,dfKBzlHo2cQ,XP1r9UUltho,vVnmk_03mpw,y7ktkbXNPPc,YNq2jRH2aPM,5nlhnD3-I3Q,_LQua3CTyAU,QupjAlD6VQw,o8qudSxCxBw,MZgCYXrWLco,0ZvuF0WxMeY,pRb4amjL9J4,HHxpQ9KcKHo,UQwnpg9R-7s,FbGQNJZkw3M,P_e-thKtPAk,NDq1gD3VjOk,n87ynPBViJQ,PB9sBxcFcgM,tZtufmPIPPQ,nfAFPV9r3tg,hdgimSRGmtw,niObRtJh5iY,Tq0OUbQwYII,8cVfMD67e8o,AjsFvKRc-_s,JHpCT_BJ-5U,v75FUY6T8oA,lDSUURKfzo8,UtbFe_j79VM,X9oLfmcRSog,zKe5QOfBlhE,d5nJqwFKKJ4,d5nJqwFKKJ4,vpLJivCxUNY,m_sVt6LkYls,HSSqVm2m_ME,P1XEJI9mpdo,ufFa5xBYPd0,ayLjRDho4Mo,G_JOoYfJQ9E,iaE7H6vKiNo,VQxBQjuVH1Y,lzagwmC3Ad8,bKrQSXGKdlI,0ZvuF0WxMeY,b6wB_4yxRXo
mRKIdR_cD8w,4O4QOaie4ls,X9oLfmcRSog,_0H69p4ilNE,eOIzf_7S2_4,6txyPfAchKY,aBZNOQFCPbo,m6l2ggo4Pbk,GAVe0jVqJ1Q,NahksAz7MJQ,8lDUbNzZsNs,CeuS2_PGgpc,v75FUY6T8oA,bKrQSXGKdlI,MzpAQGQjmHg,c617_9wUhFA,Dlfy7o8viSw,DsZb2LRnOIc,2VV9WsyKW1c,wjZjx5Pk90c,YCPF82Ds7nc,aBZNOQFCPbo,bhrBDP50pEU,6rJE2DdVOfo,PBycRJu6poQ,cxNXgtnQpTU,VQxBQjuVH1Y,jHJgV6JQVd0,NahksAz7MJQ,tMJG9Y32MFc,LcEC_gGW-Gc,eZVv2AOCnaA,n87ynPBViJQ,9h-BrGnbbz0,HYRb0tG_eq0,XtKsyJ0w1E0,WwP0JvQtRqM,MXAcbz7U8hk,MrltVBHrTEU,VftG23WRjls,bv1FINZsM0Y,PXSXsD1D3fM,hdgimSRGmtw,QyzUEC_Mg3Q,4gIlcyh99IQ,HjowCuA8kC0,7t8BqM_p7BM,bLfl7neBx7M,7lzJZJtaYjk,rDzKPk4hotw
ZnwsQ2y1WPU,V0nFZLm6Hnw,STGsWYH10lw,KDqnPt4sGU0,c_ptAkcdTWE,aq8gsMM2Mw0,QTfYELI2yyk,eKfAxEk034A,DIVVZlKId-k,DMWwF_WoGSU,aUgWhUkkzr4,3TnUvAK1oRU,jzhD4xaKykI,46QBGLz33FY,f7ezKT-xsc0,o4P7Kr17RX8,n87ynPBViJQ,k9DrmL2iGDU,zuCqJcIB6X0,13KtRSxrqhI,CJjqKdUmadU,8y21gJzmyF0,kUri6DWOAVk,zTMv11kwc3I,h_lbpLvqpKE,VQxBQjuVH1Y,1B8LuwrTu0o,bLfl7neBx7M,0Pkfv2vhtzc,P_e-thKtPAk,5qi9TczlHCE,aBZNOQFCPbo,ES_byG3R9-k,AxavcHLABrE,QzLbKfDrdUI,p_O0yY5L1J0,WM_Xf-6Gilk,KDqnPt4sGU0,O3iWnOhwF-Y,hWqhNAQplVk,UIMmagLpoPY,ujOT6HrbLlc,c_ptAkcdTWE,coWfGIQIU4o,E7fdBhBPU_w,kivrear7ZfU,KSOeDcq4UGM,iAP6VPwbhCA,j0QhapLz_UM,_EhyrG0hg44
qOFfvren_hg,GhGTZ9TKBtU,6rJE2DdVOfo,BaMvCht4pec,gIhH3naEoAE,WQTCdENLSN4,13KtRSxrqhI,R1NJxeStf64,R8-THGKmTkY,MAK2Mtce9gw,Ujdc0tgQdck,F2Glcj-lpb4,WDGfBfitfC8,g-sECH3TJWo,HHxpQ9KcKHo,i_a5CKPt1MY,RAE8C0iEoRQ,iaE7H6vKiNo,p4EX3gi0wVc,AjsFvKRc-_s,p525Vozy_wQ,NuGwy5zbhiU,uPLjdNoam_I,q5BvmcEdu1c,kivrear7ZfU,jCE49DcrQio,S6KP3JzZy6c,31UaDgvtzCs,gxHui0NfhwU,zD246ig0-gI,bhrBDP50pEU,u00RGoNT4Rk,zfkzhI7M_HE,cszFzh_nkWg,yxwic5gZTn0,5y6iPZXC1CM,QyzUEC_Mg3Q,gWwxg_iHVFc,hoeXXGtRAbc,V-zt_Blu6Wc,DIo0EFt6fCU,5nlhnD3-I3Q,eZVv2AOCnaA,YjFp0Qdgfd4,31UaDgvtzCs,76A7yAd5ycY,09fo9j_tcHQ,80L_2taK60U,iQVdo94WJ4g,I-hK1YRsQNU
NMOjDMYNqUo,6IBGMDrKWfc,wNIrk5sPMrU,ND-4RgakhJw,QupjAlD6VQw,xXtMYcdTvDo,4kLYltL1Flo,tRNUT1N205E,zhf39UcFkzs,_9PFnfgxUxc,YvF9RVTQCzg,Tq0OUbQwYII,yYR00Hqjjhs,NMOjDMYNqUo,uGzFi4Zl5VE,Pq7Sn6rbcgM,q5BvmcEdu1c,SHGP9IPR1Es,miriYIA-XhE,V-zt_Blu6Wc,Jd8PVcCS5Mk,vLE0HEzlPL0,3vf7KcedR1k,GpHp1IOQblM,3FH54blLrAI,UQwnpg9R-7s,0UpWIPOn8DI,4gIlcyh99IQ,07a8Iokrv7g,wW42dPu7B9U,7LkbOnmOYJY,fZwn3DvC85o,tM2QLzrsiCw,2TclNe2wH5o,MTXNvSFRZbU,jujdEYjc7E8,Yw5A6u4hAUI,ae6S9i6dXAk,P00_2sBSOck,SAisR_-XCzk,q35lmRO2TA0,onJR-cfF0l0,p--KXPno-rc,VlJLsgSJOMw,bxHVBk3hRZI,xXtMYcdTvDo,jCE49DcrQio,dOm0KyfjlDE,5bpzKXH9x8E,QnhuwJGqEYA
7lzJZJtaYjk,gIhH3naEoAE,uMa5R6FyMSU,FbtREjpaXuw,RAE8C0iEoRQ,xe_Bjxoe5ts,3NcYq4vOlB8,J7NfnTQtwKI,SAisR_-XCzk,5nlhnD3-I3Q,G_JOoYfJQ9E,lDSUURKfzo8,dfKBzlHo2cQ,1TtgRpoL2J8,QroxPYRyRoI,5AYVeAo4d0I,WvvOvGwQC6Y,1WoF6OGnYY0,Xypc_FcV5H0,g3r2VHW7J8w,dPBXhgZqGeg,bl0Way1bQS4,CBWoG1D7R5o,wjZjx5Pk90c,cKV6vBCYpAI,4v1okm-ML2s,yhKt7j6YRo0,V0nFZLm6Hnw,g3r2VHW7J8w,CzSwVquqhVw,cKV6vBCYpAI,Qcd6xUYyoog,B2t35D6FjP0,MAK2Mtce9gw,yYPLkGsjMt0,w8emh_4QfqI,GAVe0jVqJ1Q,fMC393AaYf8,ZnwsQ2y1WPU,KSOeDcq4UGM,xHpLgc_nloo,YjFp0Qdgfd4,cjIhInZsvhs,o4P7Kr17RX8,EJ3u-mQkdwY,V0nFZLm6Hnw,DsZb2LRnOIc,gVckLs-ze0I,6DJ3lq0HX1w,k2hvLdmipqI
kJyp92xpKTo,HMTXeh6OB3g,QGD8QJYangE,p4EX3gi0wVc,fVXNBvgAcfs,m6l2ggo4Pbk,yZSmlNDepZ4,sTXi-vXaACw,v0a1xl5wK0M,2HdMot-FsWA,RCVMG_Yb0QA,BLu5hic3s7M,VVZvgXmXggk,jSDh7-kSY_0,IUVQ_S1sUuk,19uiD5ZU6_A,DIVVZlKId-k,oX_f7RjNMUo,CTQ7IAW-ipM,bXMG6QmGLhs,vsJg9DCE_Pw,hj5ext0xp0M,HHxpQ9KcKHo,q35lmRO2TA0,vsJg9DCE_Pw,B-kBExtvW_I,XZcdNuH6nc0,HnG1MUirIyQ,FyDsvc5nmjk,NMOjDMYNqUo,E6Pk5RelQDI,bKrQSXGKdlI,uMa5R6FyMSU,6UGPY1X_vFQ,bXMG6QmGLhs,HjowCuA8kC0,coWfGIQIU4o,cjIhInZsvhs,k95WsdAvzxQ,aWamvhd9Y3U,01yAtHPv47k,3TnUvAK1oRU,pKmfJ5wkKMg,09fo9j_tcHQ,hj5ext0xp0M,IKZcAuKEtsw,QPW1nzUwmS8,wjZjx5Pk90c,B2H3ScBO9Co,jujdEYjc7E8
bv1FINZsM0Y,VQxBQjuVH1Y,WwP0JvQtRqM,n7ok0g8iwJI,uPLjdNoam_I,_0H69p4ilNE,J7NfnTQtwKI,KSOeDcq4UGM,VVZvgXmXggk,b6wB_4yxRXo,wNIrk5sPMrU,jJH8zfyoBiA,xPhDD-Q_5KA,KS3NY76vhUA,MXAcbz7U8hk,UtbFe_j79VM,tTxFOzm11hM,MZgCYXrWLco,qmOJ3LFhiLI,jbtH5DohF0w,t0Ns_a69i7w,gsfOA8i0YJY,8esLf1v5NQ8,_zYJvyzVYNk,BrPlCjTA8Qk,zhf39UcFkzs,eOIzf_7S2_4,dfKBzlHo2cQ,XtKsyJ0w1E0,QyzUEC_Mg3Q,U26ZhnIGPoc,SAisR_-XCzk,GlmVgxNqsPw,t5zGiMdHWxw,W5M61rDRf9E,iaE7H6vKiNo,wqYwu59lYDA,IdBydB9jNsk,E7fdBhBPU_w,wNIrk5sPMrU,Msdj6HL-XRw,zhf39UcFkzs,DIVVZlKId-k,YNq2jRH2aPM,NJmsXolVLYk,rOSlKJ_XKmo,iKSfSBZSu_4,x8yBs91vTz0,8cVfMD67e8o,CBWoG1D7R5o
hKTW-4FVYqA,_QkUGWf2ZPA,uzxbEQbrRLs,R_SJjbet5pI,tZtufmPIPPQ,K90pOywy-SE,CEUd_oi0_34,IVE5c4wEpeA,PPKOPgHp_2Q,UQwnpg9R-7s,i76A3xsla7g,qbwiNKOk61U,FYvT_pJuk4Q,BlqGBvgmGWE,PB9sBxcFcgM,Msdj6HL-XRw,Ujdc0tgQdck,G9sq0jXhAvQ,QPW1nzUwmS8,sfLeYSzqZNg,QW29czNUBWY,hjv8yTkpkh4,qzNSX3ftKiw,hdgimSRGmtw,VJ-T83XN4D0,_xzNJKjExoU,07a8Iokrv7g,aBZNOQFCPbo,mSMO9bqx01U,7WmKjc4jtqU,Msdj6HL-XRw,3TnUvAK1oRU,vvK9PYAFvsA,t0Ns_a69i7w,xK5ZE9I1McM,xHpLgc_nloo,zAFoyBzSVCw,E7fdBhBPU_w,H4XrDsm7uZo,ssSJwcMOiDA,1grlSqDqNpg,MXAcbz7U8hk,dfKBzlHo2cQ,hliLIwfryLI,bXMG6QmGLhs,uzxbEQbrRLs,0Pkfv2vhtzc,_0H69p4ilNE,rm8r8Hzxpw0,u6ZwRe3MSPk
aytlqvkTt8M,j5VP64V6L2s,8esLf1v5NQ8,uoD6YhW35XA,ISePuVV73ho,J7NfnTQtwKI,M_30iuWO0D0,vZVgVK45m6U,kjdVeKQkJVo,j0uf1txDObo,PPKOPgHp_2Q,zfkzhI7M_HE,ugZwIx0BDDY,FaWh92DBkCk,QyzUEC_Mg3Q,bxHVBk3hRZI,5y6iPZXC1CM,RrbEF4pjvDc,uVdljhIsNEY,IfpbFXy5UCE,PXSXsD1D3fM,vpBzr-p8QsU,XGHwz0tRcWo,4jME_P9nipw,R_SJjbet5pI,J0ZIAYdm5p4,m_sVt6LkYls,uh9jeUTBkpI,ufFa5xBYPd0,QroxPYRyRoI,p4EX3gi0wVc,B-kBExtvW_I,TRrcyVoCg5k,KdWCpp5y56g,VVZvgXmXggk,KS3NY76vhUA,UwK-LCRyvXE,sGt9aSto1XU,AoTeQnYC_Rk,-2kCKsGg55I,eOIzf_7S2_4,4jME_P9nipw,efRorhCZcfE,Q2IeuO5DaKM,ZY1ZE5My9LA,usTCGORwStQ,Q3DW0OyfJT8,p--KXPno-rc,Q3DW0OyfJT8,PPKOPgHp_2Q
Ujdc0tgQdck,k2hvLdmipqI,MzpAQGQjmHg,66trss8FSvw,ErbcwR_0IE4,09fo9j_tcHQ,HMTXeh6OB3g,5w7mW4hf9jA,AD-4WicNvf4,jI2_yFCyxDs,ErbcwR_0IE4,DIo0EFt6fCU,qOFfvren_hg,CJjqKdUmadU,UQwnpg9R-7s,PQwUT_3hLUk,oDnqDg7Q210,7stPE-ccTtE,LcEC_gGW-Gc,Msdj6HL-XRw,n7ok0g8iwJI,u00RGoNT4Rk,YmL69ouEm68,XlzvnlCNCEA,_9PFnfgxUxc,rTEg3zU0F2o,HHxpQ9KcKHo,RrbEF4pjvDc,AI8oYLu4PPY,W5M61rDRf9E,WDGfBfitfC8,bxHVBk3hRZI,qylG7zcuIDA,VlJLsgSJOMw,SwA0QVGev6I,SJpA-4PWV9c,Dlfy7o8viSw,jbtH5DohF0w,lDSUURKfzo8,PXSXsD1D3fM,v0a1xl5wK0M,VftG23WRjls,WDGfBfitfC8,LDsvhfWP2Vg,p--KXPno-rc,bGiVVY9Huc4,m5eZgHGqotQ,cKV6vBCYpAI,VTfuOLO1i6M,LcEC_gGW-Gc
xe6aGbuGnvk,wW42dPu7B9U,b6z-KD0hFbI,5qi9TczlHCE,P1XEJI9mpdo,KDqnPt4sGU0,G9sq0jXhAvQ,2VV9WsyKW1c,GpHp1IOQblM,4BB_pebGQ4s,Q2IeuO5DaKM,gVckLs-ze0I,ka0-G752j-o,rOSlKJ_XKmo,m_sVt6LkYls,B-kBExtvW_I,vJyvHzrfIKQ,4v1okm-ML2s,J0ZIAYdm5p4,Yg6-zOLsco8,IfpbFXy5UCE,NRsNKC9CnfI,80L_2taK60U,LRgYZ3yEuj0,SJpA-4PWV9c,80L_2taK60U,di2JQEbJ2ow,8VoW6itIaOo,5uTYFXbN8q4,wjZjx5Pk90c,O5i79ynLHOs,vsJg9DCE_Pw,oMFvWE3DpBs,8j-KEj17J9w,abqiilQA0uo,8W0AIlT1fNk,vpBzr-p8QsU,7t8BqM_p7BM,iaE7H6vKiNo,vU143YrHkBQ,GS2e73PuorY,ylTQVs6rVyY,vzPVsFUXvas,GS2e73PuorY,jakWziyHsv8,eLOcKayL5EI,ISePuVV73ho,3OhF3Cu3vCk,qT9QeyvMc7A,otPJvJHwB-o
B-kBExtvW_I,_38DA87hH9k,qHL7SitSJ8c,GJGIJTAQgE4,DMWwF_WoGSU,eOIzf_7S2_4,a0w99vI9JXA,XP1r9UUltho,kyFYD_or_1o,c617_9wUhFA,YCPF82Ds7nc,bSiiwnrGRO0,vJyvHzrfIKQ,UwK-LCRyvXE,P1XEJI9mpdo,FYvT_pJuk4Q,vpBzr-p8QsU,rOSlKJ_XKmo,5KfiM9McgKs,k2hvLdmipqI,S1qOIJt5U54,VwSo72vemi8,Yf2CI0EDO1U,vYM_wzVs2rI,QgsO8fpVo3c,vIRiZrBZVmo,BqZERGA8Hs0,DIVVZlKId-k,lzagwmC3Ad8,a6fxJ3R_2XU,01yAtHPv47k,lshldPpgvUU,5AYVeAo4d0I,P00_2sBSOck,6BhvFK-vnZA,jzhD4xaKykI,jzhD4xaKykI,TRrcyVoCg5k,QyzUEC_Mg3Q,FYvT_pJuk4Q,JuUI6HOId74,5KfiM9McgKs,u8WJZx-Di7s,ycRydhQvOiM,zzqJ1F8n_kU,aUgWhUkkzr4,STGsWYH10lw,k2hvLdmipqI,vU143YrHkBQ,_38DA87hH9k
5uTYFXbN8q4,f7ezKT-xsc0,S9XnmFGK9jw,Y5q06HVEjkY,34MD7v-W2x0,bJ6q6142CBk,sfLeYSzqZNg,qHL7SitSJ8c,UHqZ7u6jM3o,aBZNOQFCPbo,i_a5CKPt1MY,8mA3r7HdgAI,MrltVBHrTEU,K1hzoVhMU8c,O3iWnOhwF-Y,P_e-thKtPAk,gVckLs-ze0I,qzNSX3ftKiw,VJ-T83XN4D0,Q3DW0OyfJT8,yO6Xrpvq4Ac,j0uf1txDObo,eFubqQDOB9c,vpLJivCxUNY,zKe5QOfBlhE,3zFFS0TfaKk,os00ZR7WxkA,rPeuhqqdH-4,yO6Xrpvq4Ac,CeuS2_PGgpc,rTEg3zU0F2o,N1-CTdcyaF4,80L_2taK60U,j7EJO3Vti0s,S6KP3JzZy6c,MrltVBHrTEU,vZVgVK45m6U,WDGfBfitfC8,DyXviNKMyTQ,eFubqQDOB9c,19uiD5ZU6_A,y8Dffqzdzdg,x1pyLMoSnkc,X7PgY9XsKas,4jME_P9nipw,vVnmk_03mpw,OMCkt6W42_E,NJmsXolVLYk,uoD6YhW35XA,xQLd_wfY1jE
JuUI6HOId74,aHoVepfy_bw,sfLeYSzqZNg,dYWTCEKZPg8,y7ktkbXNPPc,t0Ns_a69i7w,qiHs1WUr9MI,uGzFi4Zl5VE,y8Dffqzdzdg,hWqhNAQplVk,lshldPpgvUU,yO6Xrpvq4Ac,WF6v6jJntWU,MOPIizvf7nI,34MD7v-W2x0,c9hPYodXmps,_rLCEDH_FmU,0UpWIPOn8DI,Msdj6HL-XRw,HUAEmeG9Y2g,HbMHacExP8g,hliLIwfryLI,6WrHuGSaEGA,bLfl7neBx7M,vzPVsFUXvas,8lDUbNzZsNs,3TnUvAK1oRU,WX7ADgpyvSw,uitJPGMdiB4,RX6NF89UQTY,NJmsXolVLYk,8lDUbNzZsNs,VVZvgXmXggk,fb1x_BZFNpg,Dw3pioLQDKI,Qcd6xUYyoog,pRb4amjL9J4,usTCGORwStQ,ZaH5zVWfsOE,G9sq0jXhAvQ,A6luYTR0hEU,mn7JK8KsC20,3TnUvAK1oRU,di2JQEbJ2ow,V-zt_Blu6Wc,PB9sBxcFcgM,5AYVeAo4d0I,jHJgV6JQVd0,DMWwF_WoGSU,hGdTFmxCEdw
zC3MzMSmfuI,XsKE7aSwwdc,VyrD0NsXe8Y,E6Pk5RelQDI,qylG7zcuIDA,zb6v5-nDt7E,gWwxg_iHVFc,bKrQSXGKdlI,1grlSqDqNpg,xPhDD-Q_5KA,I7N-7Hyv848,qOFfvren_hg,vwImK4Qq3uI,4kLYltL1Flo,ojhWhBe-epw,vzPVsFUXvas,e6tujIkhaRw,zTMv11kwc3I,ld8X5wxub8g,NFykAuxKVZA,_rLCEDH_FmU,XEIgjJ_-eLY,13REm0jje2Q,I-hK1YRsQNU,nfAFPV9r3tg,PmDpcfqHRMU,ssSJwcMOiDA,lshldPpgvUU,F9b6131hpVo,j0QhapLz_UM,PmDpcfqHRMU,JHpCT_BJ-5U,R8-THGKmTkY,zb6v5-nDt7E,19uiD5ZU6_A,ld8X5wxub8g,b6z-KD0hFbI,R41IFLFN2bo,dAE1zxucTTM,07U-bFB65y4,cqrHWaUw4RQ,WX7ADgpyvSw,RZqI3ih-t0k,_HI-NzSu_JY,uitJPGMdiB4,qT9QeyvMc7A,zuCqJcIB6X0,13REm0jje2Q,_rLCEDH_FmU,NuGwy5zbhiU
yZSmlNDepZ4,MrltVBHrTEU,xQLd_wfY1jE,4gIlcyh99IQ,V-zt_Blu6Wc,h_lbpLvqpKE,Xypc_FcV5H0,Fav53yHjLPM,vwImK4Qq3uI,aq8gsMM2Mw0,GoNU8Xg_Kg4,9qHSUYN99YA,R_SJjbet5pI,zfkzhI7M_HE,95f-qkPdfWw,vIRiZrBZVmo,WDGfBfitfC8,uzxbEQbrRLs,R_SJjbet5pI,WvvOvGwQC6Y,kjdVeKQkJVo,f36snron1Gs,DIVVZlKId-k,SAisR_-XCzk,E7fdBhBPU_w,cizZU4cp398,QF2RsgU0os0,zhf39UcFkzs,OMCkt6W42_E,gxHui0NfhwU,2Dx9dE7Vej4,0ZvuF0WxMeY,C8bF1bJb07c,lhg_UTVA6E0,uPLjdNoam_I,rTEg3zU0F2o,HHxpQ9KcKHo,XP1r9UUltho,IVE5c4wEpeA,MZgCYXrWLco,GoNU8Xg_Kg4,xQLd_wfY1jE,c617_9wUhFA,HAeuLIUJBDw,OjhSwV3IICo,b6z-KD0hFbI,mFc5m2lzSYA,dfKBzlHo2cQ,D3VoOj9UVQk,6DJ3lq0HX1w
8mA3r7HdgAI,DszEdwcS2iI,iQVdo94WJ4g,Tc2NfehkmMI,7WmKjc4jtqU,YRA9MUsgZQ4,HnG1MUirIyQ,jbtH5DohF0w,yFTBD-jNfBI,XlzvnlCNCEA,P_e-thKtPAk,Ziez_8Z_H0c,JWL6TpRoTC0,FYvT_pJuk4Q,K90pOywy-SE,Xkae4H51UCE,r-oaGu-wmZU,DmenIE0Dpxs,lLmCZgLYGh0,RQJH6hURgrw,b4PK94yRJns,P1XEJI9mpdo,8W0AIlT1fNk,Msdj6HL-XRw,nOQzjdxt_mM,ISePuVV73ho,BaMvCht4pec,SwA0QVGev6I,p525Vozy_wQ,bxHVBk3hRZI,5zr6Jbx9FKc,5AYVeAo4d0I,c_ptAkcdTWE,p4EX3gi0wVc,6rJE2DdVOfo,QPW1nzUwmS8,34MD7v-W2x0,qHL7SitSJ8c,MHp7yxjeD6M,3Z9D2Yo7NHY,3OhF3Cu3vCk,NDq1gD3VjOk,5D959BDJUTs,rm8r8Hzxpw0,XsKE7aSwwdc,mFynArHDBh8,nfAFPV9r3tg,uoD6YhW35XA,PBycRJu6poQ,OMCkt6W42_E
xPhDD-Q_5KA,A6luYTR0hEU,eFubqQDOB9c,EcypP7PYNng,_QkUGWf2ZPA,QGD8QJYangE,3NU1eAXfHTg,1grlSqDqNpg,lzMwvRJdJgk,RAE8C0iEoRQ,GU3i_PMFUtU,F-DmGlffHIs,PB9sBxcFcgM,F2Glcj-lpb4,G9sq0jXhAvQ,eFubqQDOB9c,jakWziyHsv8,WQTCdENLSN4,4Ix3JxXTDRg,GU3i_PMFUtU,5uTYFXbN8q4,GE28lKnwnXg,WQTCdENLSN4,WQTCdENLSN4,8y21gJzmyF0,h2JACZ1CgL0,Y5q06HVEjkY,tOa5ylGsvvc,k4ZvHRnguzI,NuGwy5zbhiU,_0H69p4ilNE,LDsvhfWP2Vg,uPLjdNoam_I,l3funO9-HLc,ssSJwcMOiDA,J7NfnTQtwKI,aBZNOQFCPbo,QupjAlD6VQw,w0H9b7K-60g,2mA2N0ChBOQ,ILzxqugTc8Y,w8emh_4QfqI,bLfl7neBx7M,bl0Way1bQS4,qOFfvren_hg,CBWoG1D7R5o,VJ-T83XN4D0,rBXLlIMExtQ,jSDh7-kSY_0,NXT7IJzhLbc
