user_1,user_2,user_3,user_4,user_5,user_6,user_7,user_8,user_9,user_10,user_11,user_12,user_13,user_14,user_15,user_16,user_17,user_18,user_19,user_20,user_21,user_22,user_23,user_24,user_25,user_26,user_27,user_28,user_29,user_30,user_31,user_32,user_33,user_34,user_35,user_36,user_37,user_38,user_39,user_40,user_41,user_42,user_43,user_44,user_45,user_46,user_47,user_48,user_49,user_50
r3ujvMHUHUE,jV4h4I2YIik,LItDWdCyj0w,t-mNxVb9b70,4o_fyuv7WT0,WPYf8rm94ec,ZwzieloNQAc,TrLez_s4ugs,HMvPpdMLHPc,nONZKxJFoXY,-tuFzB-cuWM,lUTh90G90Nw,TFN3uaH2AqY,Qu5mzip_IDs,3WUJQ9v3vsg,9kpuuD51R68,IZYY80Y3jNc,192i5Zl28BY,3d5w4z3WtD8,4TEFEoDH7NY,nL4l2KEjq_A,HZIsiIGp3X8,mM79tmVg-TM,WpvGKZn97ig,KXrdYhlQU5Y,ryebWvxOsa0,kSIzt35fq0Y,QhL5XpbuzFk,bI8P6ZSHSvE,eXHZiFYp4Co,Ev3sRw69RuQ,oN2Xs-MvxLw,RyZZD2w9OOc,Ifi9M7DRazI,CX1OYjn1Av4,eqtmzp9nn_g,ntidWA7N12k,3CwpyFSFxvI,tdob8pa4VKA,8WBpPWy7jB8,qpqCwdPXE-0,Qh3VtCz32Mw,WtuoFv4dcwM,WpvGKZn97ig,UwxatzcYf9Q,IYw5Zor9lQQ,k7GnZPwTvng,DXZT7rxuVJk,YH5ZlE2vn_A,i34R2-2CL-Y
f7zSFNA0V5A,M1rpY5nt_Zo,y7FjMbDFZD4,-S3LYAWAt9k,m-oIGFV_sGc,TxbZlRuo9MI,moH1Dctkozw,Xc31xR7KFN4,BGa819HFj3s,CQYPEo4cfyk,HCiM4yDDG7w,cH4E_t3m3xM,0oETK2t-Pa8,4FxvwYEVk88,pFciweAYwR0,tn6HSy8zbj8,k4ttuqKjiw0,kz3bULwPQGw,thrLGtxHyiI,OpQFFLBMEPI,0_rcUlcqZ8k,WJmIdcmgI2k,qrm-kGEA6jA,9cZzzsXQUAs,WvnMzgHoyoU,OE26eoRLNM8,owYgF4RbNlA,791ed4Htl4U,c8YIlU_30Kk,eFZ9f9GMr1A,NM_LaNiQqQQ,HZgiAgYXneE,lpIg5NBD-y4,zL0OD1lf5Dc,dtdC7HEuNNc,OBFaFjYV1QE,E3ZtZjGl84I,zKyG-AkSpEo,PK8fb6FSDJg,e1GMz2LcIco,uqkm0MnHAv4,5eM3KLNOV-Q,uRZLE2DwYdI,9cZzzsXQUAs,UNAidclV8xY,u92Xf7XMH2Y,FqH57-qJc9Q,948P3GKtATo,tXNn9qRCpjc,0bMtmI_YPgQ
fbjYkPKRm-8,4MK9gIxbxrk,qyEZntmqZws,2rLcu292K_g,jzUg312zUUM,2ry_QfYAxUw,ayt7eh5gKho,5wfgLdqRJjE,Pjrn5TUNjGA,3KKTn479kes,hrg1qKa6KK0,MFrzkfUv23E,QZg6pmeIbRM,ul4JYGZLFQs,sVr-J8aAwrc,ZpkCb_xMSB8,4306i99LMXo,6fAQtmY2NUM,Ry2mwpy5R_M,IxF0iayJR-s,NeNBXASdsOE,oEopwYk9fWM,VRJTzucGh2Y,xk35dPB_UIc,bv4rzp6KMC4,wNsH6pwk49w,Jd04VEC7nXs,O72dypRrn98,nNTyfVh3nmU,343MhsWWMLU,mtGXXm6n7NQ,WJnrgvivZ1E,Ihse3JpmwzU,3pNxwBLDgBI,Z0p1C7CuhTI,p9woC3Mrq9w,9NJLejv79M4,7prHYtRh1p4,CAadEC4zn8o,hzVOF4ECBGk,TFr6G5zveS8,5F_k5uBnYGo,edH0htVDSfQ,xk35dPB_UIc,3jgOG6JV3rI,FuFM1nfpUG4,hD32YQsted0,-8oT3dE0hik,GD3N2xVRr98,EydN5F4ew40
VpATBBRajP8,JK2MX2bNoww,7-v4u8Z_kI4,HV2mGcmqGsA,KYM_hHg0C9s,YeEyJWggkV8,_dOVzlPgOO8,bcnoXhoFqT4,8JMurCblz-Q,fxSaYNLCXOU,q4H3q_wTq2A,3PWYUliKRt4,jCC8fPQOaxU,85ln8xaccnc,LTyw1pK9szs,KDTfpx4jdqk,SSJ3dOn1dFg,lSRG22GCLgo,6y2hFqgtjLk,zDo0H8Fm7d0,Q6MRcNzJ56I,WeyrgYhucWg,36qTEi2rOS8,jC3ic72LOuU,1_zgKRBrT0Y,z1ekmEWUrfg,bQdmH-ONSf0,Oe8hx4FPXss,GD1wouCyuBU,CkX2NrSO1hA,q3ncSV7wJrk,0hYlvicxP40,sYbBnSrKEUo,dYFx29fMIFA,07jBjM_JhHw,tLcAYIMJ0Qg,V8CI0LWEYoU,_5PUAsFzb1o,HG-FRHmN28w,DPtfsk4ETjM,TQuUWD1dzDg,Lb_eMhXQv6Y,o8YUM2Y2vvY,jC3ic72LOuU,F632SztGENc,ZwyiZLgiP6w,sTx61hi0mdA,dCfVThaUrlw,7ZipPvwrvds,0POhb4fECY0
8C13ofu962E,fU43YzYm57s,uh6i7hIwtig,Sy5ySkuf4kA,Y_SYCb2oces,QcevQq8Dx7g,DPtfsk4ETjM,gZ5nTCQLEb0,9y4JwyjdY4E,EN52CP2_F0U,MW4OE4pQ82Y,I_ccNIPcFbc,wpgMBivKR-w,6JtXnC60-Yc,hcjN5BNU9CY,eL0Ejf05fGI,lmGkIqu-mpc,2SEPNo3jRfs,SEeAE7ECO8o,DZoEzQaXCfw,yF0TImMQqGw,Ph4L44x2_2s,XwU5Y-ewi0o,F9Q9tPFgvp0,rb7-ZyXOSW0,PEdYLSWaGX8,HpHq0KdNrZE,Ph4L44x2_2s,OQLuhelCaDQ,TFHRTS67TYs,67IHH_V2aRM,bCuhuePlP8o,VdBK3iVtkwU,rJCwUwziRvY,s3Fj6MqfD9w,ibbz8I3A5iY,j8E5nWEsBiM,N2GOVf-JNdU,IkQz5rOmH4I,sA6NWJIuNms,K34xjvunqaU,gmts05RspQE,s5qIJ94j_0E,F9Q9tPFgvp0,_yd-M0xHFJA,1PnHB4sLqew,DL_KyJpRuKU,1Rhd7rFZuKo,F4keoLytAsM,nJZ4_V0TROI
oTElF0d3_Xk,gAn4QCxWy3A,ApXoWvfEYVU,FuXNumBwDOM,ZlPQ2-MbpM4,LBWbvSegvxA,lUNOg4T7ATs,9n5jnHudnyM,RsIcF3-MTsk,z2xEwSi2vaI,ZCCxMKWAoRE,FuXNumBwDOM,2nkRqUhM-rs,nj_IlWwhJcE,5Gho2y-D4Sk,BwOsasSWwmA,QHmHgvE6mMQ,Kibs8oeutHU,lSAPzfx8f4U,fvhXwiDNZxk,kGM8uvoZt_E,f6uJEhCwr_I,Apq2VZGRWe4,o3tSAKerrnU,vh_dcQYwDfs,XNmuBZfLkVs,gLI4GbKK8R4,UG1I3MOXm90,knfzBQpveCU,mQEje8vh9hU,18z3M-w1dcw,V0lw3qylVfY,eIb8x3kosm4,aW1IJ3C477g,LheO2Dr9uv0,zY-HCdlqM7Y,EAKQjMIe_h0,DFb6NzEkxJ4,kgSB3jCKrrE,KeuLzIgO0f4,ND22gpIzCeo,L-WCB6GtOPk,Ilybv2ZKOto,o3tSAKerrnU,67rc96joOz8,3TAIDRfWx-4,Qe3nh_2LwX4,ZlQx_kGAuNs,uOgrE0ndmIs,98esMpUPSi8
UgAiEPRpI7U,BD24NOHcNGU,ipVw772hCrM,tQibZXz5h3c,_nG43cKEbAg,Q3H3WFznoEc,i4K3os977h4,1nBtDv00GgQ,U3N9-EpjaUk,W9mYNrJDwmE,8h6J62DsUo8,WA4iX5D9Z64,QNfT0-_pODY,d59yEy6gydQ,RoWXvMQ3xqg,SurF_vBQ9_g,3E5odkrfvFA,d95LTzbFLCw,EQTD7lbtIks,cBVGlBWQzuc,PlQt2_rwcCo,6v_rGwTDw38,siZ1Swh4LWk,N7GLAsLoSnw,ixHQ1aTz90I,L4_-VaZSlQg,0roUuqzc1LU,lma9TNjj_O8,rgWFfY9eFaY,YtXBZkowGCA,vH7ASHJO6kQ,Q9_fUnVBfbU,i-RKrWwdWgY,eze0n2lgoPc,YhGaJyGThu4,dGIGG6QLjLg,Ids1NXH9sfk,s-gaVo19DWo,vVKMSelxao4,Ayg-_SSM_GQ,5jOYW0X80Gg,bJpgKoA8wrg,4SQGJmgnEI8,niz3Shv6QWY,oS7tn2450Dw,LLjvXQOxfZs,NFPgG45lEDE,Gj21jwSEhEE,5wF49LS-Yzg,mkHKXOIUV5w
1YxOxOheGPw,R-fr4a9Fsc4,YFjI_2EIGLs,eaX4T0BxtJs,g2MZWzD9VeA,Hhkw5kSx4D4,I-rMFnAShx8,4o1PTcoZbKQ,we54-tpemgY,YX8yJdYJl1M,KKSeU-6NUCM,UsXlwieBp8I,DQG2Ma4sedk,0jTXFFVp7-U,tcbpmulqUrU,JifFNC_ox2I,8cmdtd4GdnQ,bd2nWh6wui0,zPl3wkHatxY,020g-0hhCAU,z8RnyuU-DJQ,VrBALfv6poo,lzciXblJOkk,niz3Shv6QWY,xtiQpa75yTA,n-ChTICryKA,wAB1V_OLsSE,7DOlu7LXOng,lrpXArn3hII,fDkQ3hvicyQ,JPkcmn_9RX8,iM8EbCubuMg,EgInvHH6kT0,sYSbk_tTsjk,I_g19YoHER8,Lh31CDcpvlg,ZsBO4b3tyZg,Ui-gW3_PJTU,lI99xKzDIWg,s8zQBhEbu8E,asUWPscdEJU,qbHR0a2708g,UDgeaAMdYIY,7ob-U9AgSkg,srkBZaF6VoA,ub9nM9IbUfY,CYdDfPGAua0,XleFom6OfrE,lPcR5RVXHMg,4yolTg1Pt04
wffIdh0CZWs,65GB8ac7k_M,y05LR8KHW5M,Ruu2EFsPySo,S5-12O3kiho,ysVFljcvDGY,4XWzi9n5teQ,N3tr1JgF6dA,oekcGYnWAws,E3LEGmnHCEs,muaBxY2SadU,tt4JcW16KIE,9HMsyNpw400,I4UkqGebfNk,LruoTtxaazY,tGjgtCidpxM,HXogBehGCFI,5zfZhskSmp0,sK3ssKPPmv4,BG7oqAQsv-k,ZY4sh1zJ5EY,kR-VPofNQ9g,ZIsyqHFkWFg,7ob-U9AgSkg,bxTYbhFIj1k,8ZKIoNYA9eg,25IOsvWPQGQ,Xnk4seEHmgw,5uUApCWptYE,zkcVSF6M8Ns,9XN98VJ2fNg,VEpMj-tqixs,XsWwkeC6QKM,oXScaxsaxWs,GRJRbHUl2LA,TOtLVjefb2k,fRvmqtxvR38,NJ4tqgk8ic4,8fTIzsDSqVU,H7PjyEG5-1U,ND22gpIzCeo,fqD-1ZXxrto,MGemtjVtfZM,PLwCM4m3V7s,cwMCmHNFfdk,5LGEiIL1__s,9Gj47G2e1Jc,1e-nMVL0-hk,Txxm24bABHg,jwS1voS-50I
-knYdOywsEE,nFRp1i93dpA,vhqsGCyigjI,HgxzPRk7c8I,lzciXblJOkk,XwXpXg78VQA,qTvEg4gHa_0,MR5ilmo80FM,Rhrsx6qXQTg,bklT-dcyL78,AF_RCS2b0ac,cBVGlBWQzuc,XlZFKmUNfmE,cTl0ky4DcHA,O17i437KIBI,vpc2QgtcLEs,MrnCDKB1hE0,h4L2dFoUysU,-9dgSr2OxDI,B1vg46gEI8E,KIM8IOn6nAs,2qh3j27RTc4,kD_7gq-M57I,PLwCM4m3V7s,U2LETs7ivpY,NkIDU5zYkDk,gBL6LmMVWxM,QPhKr_DB0RU,nyLRCanp1ow,LOetkFopHK0,h7WH-qGwNPM,V1Pl8CzNzCw,PuboYnBc0t8,n0cUEZ9I_gY,8hzuB-XQWYQ,Nfn79vSR2ak,cmdh_o2Vxq4,r45HPwfSoQQ,Al_J22NcRfc,WTvpigWsyjc,eBVjDMsgzOY,qwP6uQorEWQ,4rQWvI4Bepk,upR7J3U9_PI,Y-txjbuLX9k,Xk4gunNQVec,fB6BmRj2qeE,TjZ5e6ylJI8,craw7JGyOuE,-tC0pYQUmBU
5qtL6fDJhg8,wx-_N7d3Jlo,6KiTGx_cbfg,T7E1NHSw10M,QN-pN84EkVk,708n4GCbTiM,fT1Jlxi_ItU,bxjAJQl2xi4,yloJ_un8bjM,ybUsle7TzGk,fiNFHX4tijY,HgknAaKNaMM,HjWbtUBKuUc,2SLqy4gqpH8,EUEN4CqFYR0,lnIAY1Wg5HM,1LWyBcCH7Wg,DaHrXnaVzjA,qGXCqTP3Y-A,3iE-Bo34Fnc,MnrJzXM7a6o,9rHFy_qCfVU,XPHGd2xJOkU,upR7J3U9_PI,8qXlTeWNbzM,FjBp30kjzTc,ZeufFHKn4Ps,Jy9JtaoiFeg,L818jzN4qoU,FD-c6cx98ls,Rap3BHRibBY,joYaaipAhQ8,cXwm0mJk0J0,kNMp2fnDy58,v993f6Nxryk,TEsJW9KXuOc,I1rMtCoGhYA,dogr8n3E8JE,Bnje-LsVtIk,kV832rfjcas,0SeWx-FC5LE,57019-mg6IA,lL--imNJzNA,viTABOnRBmo,H9p9PllKX2k,HbuZlTBpC7I,-oKd0ilJEKs,djqNvwi9WJo,zsPxkXjWc7w,0xsk3AYg78o
L6I5JhdJUxk,zrJQLIR_sjA,IQt7Otk1aWQ,1RqDtaqjo3U,tXL5zaFKPOM,XVjeYW6S8Mo,2z3wUD3AZg4,o_7rlF4keuU,aa2va4aOT2A,liPFurz5Rn0,ILkfP2LO1X4,7z-OTw1qRqM,trtOkGsBp1k,v_gw_5TYYyA,jM8CicJZk-Y,eDljrBXPsWE,a5NbQwzwUTw,K-9iQqrHgj8,fyYZhEiABkU,jVrElcu4-Ps,UUuXfyfCaL4,UAzNlljyF5g,nBteO-bU78Y,JqHNzKPt-2c,veUZ8-A_rTk,8VxBOGTedJU,FlU98L77-x8,8yFHSynVbUs,tWJr7LNkUEM,NAREs8DQqGg,OtFNvgWwwPY,KtlgYxa6BMU,4II5XfmHk1k,tzdy7UgA3MI,_9BIZOAgvhQ,F81XpfDKbQI,Dz2iBRsRjDY,4QbCh8LKpU4,gmRd9IVE6dc,aeF8JmNzA-g,qpqCwdPXE-0,-ZfCRqEdrrM,zSkK65hQIp8,JqHNzKPt-2c,Bamvg4Icmi0,sXqJRLbMa40,K65LFrktU6M,CDqTlwkBCMU,KEe8ItT3Ris,2DrOEaQvvhg
TzhGJuF5Uzs,QaoQth8dIMQ,KkS_sth28rs,FiYxV4RR9AU,WhJ8S15yizc,rj35Osyua-U,kSIGdx01EiE,A0mrB8RVmZ4,g3Jw7HEArrE,gW3ivOeyhQQ,tYILgM4_in8,OPf0YbXqDm0,JJepVM5mMFQ,NHUUoFjkVcI,h227sP9Gc-I,L7SV1TkW07c,CGjGrhqtPV8,xFciV6Ew5r4,eNGubTpoSPw,5AtkWnBjGBU,QWveXdj6oZU,QQrdAWQZezM,qYPA1JF3etg,bpFAA5Cx128,qJofVXRJkDs,b2470rlZ924,Ek0nGMJ9yK0,Y_hc07rAQlc,GsV8qRBJD9s,qDfAWuZP5go,bhQiUMkcuBk,K4TWAvZPURg,IcynWhFOj4A,qAtvxFFsoeg,U0oG3ZjS5IE,iZwWsRFHYF0,ZilwEFp6R38,chNJgD2JHWY,E1lZCK1acWc,_EtFRhzFvDM,x-SN8nIiT3s,PsNFUDweoX4,X8qQstJB_JQ,bpFAA5Cx128,p7PMJfAT6fk,rBJVk4q7RUE,eHYkTUmsJlY,luK7UacP4kI,vkAhYLikdss,2_YALK0RX4I
fsirqfP3fJs,-1DZpO4q3Sc,IPXIgEAGe4U,BNLta4nDM10,-xeokpEYj7Y,je44qy-_MHY,OLbWkTgI6Uw,YrYyG27BXcU,aah5IeW_Xy4,UJd8T1UT1uY,f2BrRj-jxjE,uelHwf8o7_U,DbzmyEpHtUc,W9PLt0-eVug,1TWKgnGaE9U,MS7KwR8TFEg,X8YZIhlWpS0,a9_tCk9_5jw,ErOpgH8rNIA,YS6Be_34AYM,TilG3jGQFLo,d3i-ppUsieU,B3vsRXOSBqc,WHz3LuFyvek,bS-XvaYQBBE,8aUzwbp_NfI,O9qwzFXZ_O8,OiEE4OGh48s,Man4Xw8Xypo,2Jn1OeDlNpM,SNJV1rGYoD8,Z1r3KDb0Vx0,MUzs5pDIHBU,o-A6YeV7QnE,TUFqr2v7RyY,mKWtYOswmyk,aWKokSl5PHA,rnFXXu2eNx8,-Xa4Bl95yFE,nVZ6W5EQ9cw,5w7V0nel4dA,gdlUxqWBLtw,4Z2qGQDnkJY,WHz3LuFyvek,qgeaoW55Pks,Ngk3VX405GE,63Y97oLjiuA,epDjx6uG498,QHz6R70Apss,foqOrKdu9oU
ljXndin0yUo,hp3ewoafFcs,PRWMqNhVTD8,xmz82D-ZLPc,yqtb7kP2UGk,eJDnIMS3WLU,jqtsPAX8siA,YoMraRV0Hpw,OrCOqcpFyIs,XxI_RDqNB2g,_oVdfFFMgQk,MnrJzXM7a6o,TG885VRPNjo,W8zIaaU5i_Q,Z_DRRuVjw-Y,8mW80GC1KXw,Z26BvHOD_sg,6YaC_7nPBp8,qVnMz4Wyx5E,UCXjsDpBq8o,eWW5Tk58whM,ipm5RKxnuvA,WtoN09cLg2Y,3RBSkq-_St8,9TYk0MhKBcM,ZLrUdOUkjK4,NB_AE8onZxI,9sXHoUrzWk8,MJkr0DWbhTk,yPfgaUYP3SQ,3lDqMx4rmFU,-tn2S3kJlyU,kJMt7fiPX54,8UyaX7s9OjY,4sBxCbtxGFc,18IfhJz-1TM,fGvhT3SkLMA,IqBPLHjg8-M,yir-qyILHNU,nVZ6W5EQ9cw,0Yv04ZIHGic,5Jmce2tUn88,2UFMF7AzmqY,fj4tuV-SJLU,PJielywHIjY,VyG-5O2vEoM,yeij-YX9MdY,IXjWUgqWr_A,AfXRhYNbbMQ,2hjoW8TYTd4
wxJkr_PnkbE,wZNju2L0ndQ,dD3ZFQ62Vxc,Att3cx0RFeg,6Gw5qR4fOWw,IwbzXcly83E,wAB2xIhmalY,Dz3_Hp7JbHA,qW4Q0Obhnqs,2AvepssBwzY,UGO2vBsdoK4,fwk1IA4IyNQ,URXzXyThaXE,ubvYQxTXO3U,12tjkM6HKQ4,zYLVpPgGrec,OxSZI4rfkQQ,ocLJIKANI90,JHeHL17mbVI,h_YBXfDO9T4,R3W5K7L-N14,yH2D4VYMXuk,0aO87sdBet0,fj4tuV-SJLU,93X_65NSO4o,nqZs_mDvYTk,uSJa0iNQxSg,r8aScmtX_-c,am72fadZxYE,krhrOq9wUq0,ylqGT7tXkUE,dKlgCk3IGBg,tmrrWnZimEQ,05UOAj_tj4k,Z-Y4hHqKx2E,lbRYJHc26M8,6KDAVB5I2C4,05Ly2-HmEhc,oflRfWXQIzE,I7t87VygLsk,ttIKsnxPrMY,T-whYuJhWL0,k75Tk0Hw8II,uYHByx1y6wQ,w9QhPKfmH3Q,FgOYml8AbKI,mrajqbEBR8k,ZoxRVzXgI1Q,fqOW84ZTL7k,VFfMDemNiHU
PxkpQDxZebA,sosoEeAAnZE,NARwxQdXl4c,0dsoWiFVUjg,0g3lRs7j4TU,QZl4aQ0Tp7c,5MOmnaAdJsw,KXw-lFx1tRg,tWrqb0-xAUI,JBaiBoGOASY,te6doaCM4qI,KVqBr5Fsdsc,hMDOm0Wtt2Q,FhhFKIJkj2k,s8aSaN5IB1A,JxaZ-yrlJO4,94Ob2usfxDM,5W8j6wOvxuo,TuE9PqCu6U0,HoEcEbgJuik,YAs-fbota-M,69RwVMJjUDk,20ikUENPMBE,uYHByx1y6wQ,UV9AP7hIZz0,bQSP1-lmY_8,wAyHABn0xXs,B3eamiu17Mw,PZUXh0g84-k,mlC0gAB5tEk,21YUn2LzNdI,-u5gDCNwTiw,Ve_aX33gEKA,p6u-xTeQG_k,ChjZ7P5wNvU,m7PLigOyQwQ,SR6cjHWCAp8,rClh4FZqtn8,06BuBLN2xTQ,e2yX0-2ANAo,Cptlr__Fwx4,oRGoN9uSL6E,HvK7aaKlJFE,zvObq2Yx07A,Ug9JY47BNWU,_P1zYEq4PHg,XE15isFkeRA,SHphNMELbi4,B-sz2JkwUG0,0OdzWeengMA
n60V2gs1ySU,ER-wEpFitvo,oiL0u00nMzI,2OifZI7oA7Y,leaXZWm72xg,vVIaQXIFG48,Med_pNazwEY,mgmqQaYG3nw,HlQpam7WzOs,Lb8ZH-rixMk,TqgeMZXYb_s,VuNIsY6JdUw,Z-K0_mwSSm8,QtXby3twMmI,JM-GwDh73Wc,HLgtx1y6tws,KhdtG6CtT0k,A25lm4oxzLA,zhS5v1N5Yn0,dHhr30207JY,7oeezmKLS1A,uzOuSMWdCfQ,rRHiD8jw9Dk,zvObq2Yx07A,PFTITXj_Lhg,J2vbWrMnL3Q,61LhdXna8q0,oSjI0c7Z4vA,vHljmLUEk9o,V5Ry2pipNiA,7sp_zoMu_A8,r594pxUjcz4,n3s22OEiuT0,sFchMigiYm8,DU5wPMUnO50,zY-HCdlqM7Y,xBU3ubAZ4uw,qVmJeZT46HM,DF3b2EUEgF8,ydebjwIVebI,CcFjLGrwWBc,b1--ZD2Bl7o,63ZIf2H9S0E,i1NcWU0xTog,qm0hSAgFhZo,15JCb6P60Vw,bFpv9pblqw4,QuBWlCp1SD8,qoKIioLaWk4,YxhCAr11gIU
LcEcdGbboos,LzS3_YDqw0A,pI15GrRmr6E,ixaYYW_l4Uo,tkvz4DSY4rE,BPlP_CdhsFY,2rv9joecFmg,T3LD7hBP_KI,Esef5__HDXY,0wuFFX3M0oY,TqdTXnryqB8,CevxZvSJLk8,Fx_sMVqojCE,NU4am8acLR0,DEA6nczZivk,_I-D-UvOl7c,MrnCDKB1hE0,MCg6f1eocdM,HkSUazeI2nM,5Apnc2DTksc,FWd9V5GCors,huengqnBG14,3m4mF9-7L-Y,i1NcWU0xTog,KNl_FawxN94,gD7hDY-_Rss,j_YwuJwnZHU,VUWTyEVWdtQ,4RRpgYKX3JM,8wxBLq_C2KQ,mwhYnqcipY0,v9U0qMHHkSo,72YNi0sIDks,yw_nqzVfxFQ,i5GUU3m-zks,2PcIM8CNe7E,X_5-2tjPj0o,eO6G-IL80Hs,e0oFPLdrj0g,z_mtWvFttsY,x36ixLrtV80,FTm2tn75Cwc,mIYjRPOCpmE,Pkbp0jwALwk,5KiGIV3WhN0,I_M7Yj-D40Y,c9dxVESLU40,Sz3zavLdcOk,_cR-JwkFDvs,9StsjiH9WgM
mHuBi1_pGu8,HDZXA6IWkIo,uk8yCjdcyl4,ipI-lLwYLhQ,lp7ZtKdoIPU,TSmEn1qfhnU,mjUFvMBDYpg,ZTiu03H86bo,ax4kK6LFPuU,hZdFnoLFCWM,WZmFZXNTLxM,FjBp30kjzTc,wVHvWTaTEg0,TakeQIeYTNY,hVEzmJSdaUs,M4_FPE7ZkmY,UnWQd70br9g,_2fGckxn5cE,lnCuZdFpxnA,seg8bLgxV1g,D8Bunxe39wY,MQLhX8PB69s,nsx7NbfsPqM,Pkbp0jwALwk,C6WT83jC9XQ,eVYBfkwDk7E,KHv7ZKDdLHk,MvBU8-tt8c8,aSGLRXWub5c,wZ_ja61NQCA,3JaiHHA9Pfo,wZavjPpyDCk,ugaRY8d6rHo,c2EJ6_0iq7k,faNegia2hK0,L-lp2bejhm4,MRMT9wu4kTs,-Ay-HwqnVhY,7dS2DcEqIYc,hu-X9KUFLWI,Z718qOcrWGY,0fumauRL_rs,BJs_L7yq5qE,et10OD3fRd8,FTQbiNvZqaY,9JgpRlGUzMk,MHWvD0_wMHk,zjTJ_1pv_N0,DV01owBQigA,WkvIPRnOxts
8-wEhRgKMQs,wDS9FFgt5i4,RBNZtIZyYjg,ubT6qNnUmQw,hHW1oY26kxQ,FYEHtrt9Fzc,jf-mR7vDXXc,UP3JW0X3ckE,iimFp7ELTyY,cfxbnEMn-fM,XExo-zDBg0c,L3Hi2bD_OdQ,G1tKuyNq59w,RWUvi6M2yo4,EVVKbaaz8J8,4mF7tX7Bogg,YqY7e4bP9PQ,ZEfxLtJd7KE,SlBtQZnm_68,RbWQV3OiRqA,sI5Ftm1-jik,h9IXtplxpTg,3tJungKwEYo,et10OD3fRd8,iy3gTzZDGFY,73ppze_-sGA,nNbWRHaAV4o,hc-mEXEumy0,L0lvlawnmHg,dSUIbM3xO4k,6-vargLeWoU,sO652Ns5-to,QlTDgjA8aHc,HW_e8iFwL_s,XV8UMDKn3Is,RsQXVJOgvNY,9lxwRbFMDR4,s4J_d7OfIP0,-3KVei6L9m4,CX17qmYO0o0,aBqZLK9l04U,e--5tXO5YOk,V5PuYIsKbe0,nmQJfFumYg0,jHouCxv3Y1M,XgNCTyI-9GM,m-uztVX6QFQ,Wp6sGB1OrKw,nntGTK2Fhb0,M34juMGnzQ4
oTqPkzP6Uns,3GziwpqMZHs,EsK8QJCmrkk,AcTNueE59_Q,KA328i0zccU,EbhLr3oXnsg,PQVY12q2kfs,UJmnQthafgw,kNSavR6Inok,QJ05yNYmFrk,jgg-vukDoLY,QjuD1mclDYw,rJ1K2I7m60w,aK2ZXUINs9g,Zy5c2k3W458,XHUTVws9qqc,HUgwM1Ky228,DZB7p4LIMjM,OyesLYIUcg0,xXKG-ooExGs,fzQ6gRAEoy0,FKgNPqojzlM,IMC0uZY2iH0,nmQJfFumYg0,1zeaHvEYBso,voGDmGI-Ll8,SXm3qo1maMk,bEtk-lsVTB8,cy1tlGIk3LU,jwLgfCXJaKE,PHgNMJviO6I,joYaaipAhQ8,03VibM0Mve4,TQJEaqQeH3Y,m4trDbeFWTY,w7LbW9sXQ5s,nL7MtcXIUsc,TKrTIb8IXOE,vOSZAr-GubM,l9VFg44H2z8,bLbmKwhxAXg,Zf01tSlX2Ww,BWxjSRt32bo,zKJgFDlf5SM,DwyABA9OiHY,EmFLRgc9gHI,-g7yAXPuu6A,31j4DIpgY9U,IGWh4681dyA,CvJKoZkKatA
UIT3HZVGFJo,3PhbO7_Zf9A,KFof8aaUvGY,mHan-UCdrdE,6KIkch1-LkI,-UxQoHJuA-A,Ml1QR9YfReE,l1H6w2dYlNE,NKbhvoWwAQ4,VxMQVVKDoVw,PrViMvTfywg,ESgvAwNLlac,erkPSxUSGF0,QWraDTS2W9s,_ERIRyhQ_34,ZFUTN47Jyms,qYa-LzyCAo8,1vcrUK46ZdA,pYFgq5yMfqk,-oheEE0hpKs,9Ffceu672c4,ipWUqtLeKIc,Bmqg7naxfvo,zKJgFDlf5SM,H9IsdTktGBE,wnu4apJkpqE,_knWDPeUh8o,4Y7pRYhvOBU,o7pe3_VQbUM,wTV09qcgjtM,4pF5ClsvP_0,rmJQoLK4Vos,zIikihGCiUA,xRPfSwUWCmc,76pcUTPgGE0,vFC7q0IewC0,sRKCz-fYX48,Iojm17QEBaA,rK-VP2wWtcs,_Yhyp-_hX2s,Ihxwu8SHyI0,qu4xsHkdTzU,tgbw0HC7m7k,ZlHTtcq4io0,pHmsQtXK_pM,Z6RWEZqbeSE,Tq-0cw18EKo,_77HS_NS4Co,jKdpawYbo3g,3rDJOEmWUbk
neEXtRTPhZo,ODPUwi_DxMs,7ChuKKL2PpU,u4qpmgAh_bI,yc5QLo07XA0,GPlcRNmTewo,sKqwdEgECPg,LFca0eHJSBw,NhLvMLVOwSE,n-G9i3cdJ6E,AMBPoTBRDuE,Ur8ya_M-gxM,dt5g5_1cKVk,lr8UuGj1oKw,zc3j25jVgrY,OiuMtw_YtyM,HyH9Fy3ee_I,7mH-TxXjml0,E-LvdcsW0Fo,ocDlOD1Hw9k,-g7yAXPuu6A,IiOauUPEwTM,m5_ye2jGKdk,ZlHTtcq4io0,o5aw1OBVOAY,IUt0zup2bHc,YzO5ej-BGYQ,6qPjnEf86fc,DGtePNGa0S8,Dep0Fq6XnWQ,QpS2LYt10zU,0ryXqoXPkbo,dv0ADq6fBh4,fkdBRnuUhw0,YuG1dc4wvoc,pdEvL6jxUYA,p5q1MN_WZi4,as5SrNWFCvU,OfbdudyKc4Y,Yu0m2gfrVzY,xp-zTZoYfKg,a9pcgTnwplE,1xYExLtJScI,jMSOWjZtXpY,4az8JlytKRA,kPSk30qzgFs,DVuy5QOuKOA,IJ1BvWnxQug,NZ3BrZUsYj4,CP7wfdY4bPA
FuPZlliGqBw,pkbE4QlVh1o,RmagjAMdopI,2M5AgP7hnGg,ccVJwDit7vI,tiTzb-0Z-ag,cYGVkLGyGqE,FnJ1_lMXee4,JKaZaZByr9g,YMXjIdtH5wQ,53ePiCirfvk,7PCkvCPvDXk,3IvHXD7UoVI,CT5u96tBtD0,xx6IwshTL6M,ieo4_o0LsbE,CWzrABouyeE,ni0aX1w7NOk,yKGH022OJHI,6GUm5g8SG4o,hzRf56XbrNA,FKulJNg2Ow4,xFbv40GfF2k,jMSOWjZtXpY,df12u9Sjea0,JmG3V8G8MeE,1W_VqxQafUk,e8M5VuSEk4E,NvG5sWjmtts,WWpt_6bQkfs,OxlJLz9M8hQ,scd-uNNxgrU,CSdQDbx4raM,Bn6suvsK8sM,OZNvBrp6W-c,6cx1WaoWQ34,SAEDbRI4xYo,BPmPnCbvzRI,tUCkJv0MiOA,LMQ_K2W4AvE,3QiBEzFyb44,62PO86rpOvQ,3pQlRZZ9NMs,mEFsoxPWY5M,oAGWFop_Hx8,2qd1p7rQaC4,46Gk58jvB-I,uRbgsl-SutU,GEQr5_sa24U,k6oQm3jeIVE
gqlNY5iX-nA,1mJmyzYs1uo,0hhTBkISip0,BsH2me8xn08,vo35W6ntO3w,fJ-1AnPv8Pw,tPONJN181HI,E-ekraovvyg,WbDK-PGh6QU,KTPR7FLL13w,R3ftJ8hgbM4,-20Ow8UTh8w,ND9atVSqF6o,kjyeCdd-dl8,SKyre6r9lzs,oEgKwV8nOjI,UyX4MEsVLVc,0AGbIMxqNbY,pVjU47iPNbg,WbUP2PO9gFI,swgNTR1jOvA,JpKEdHE8uC0,PdRHWOp-aq4,mEFsoxPWY5M,yARvBAP3jjU,aPfHdJyd_IE,Xk1wBrmFo_w,DPZzrlFCD_I,_BNldAM_8fo,iFiPM8wUZhM,m1pWXDY3PPY,HZgiAgYXneE,jZ-dVAAv5k8,XwcDlDexAzQ,vZh-et1sV2A,X7mjaIJ6LoU,FNK7_5a2nHU,EbYB3gwmgco,WBZMSAQYx9Q,KDZXUfWna5k,5Mz6pXzsdyk,6-jnt9WWwmw,wTSLRbm8L9E,umdVeJ1Bt7k,VWlhoCe7AY0,uAh33XVgXS8,xQk-lP2R04Y,mdm1LLy6H9Y,_XHphhtqjLk,2YMnOReqCJI
cavx8Fzr0kE,ZIs51UVbg2Y,nObOuA3eKHo,e85PF6kBCl0,m1KgWfs1IXI,9hBINMheFCE,De0XSVHLRBU,_Yhyp-_hX2s,NmKUbletPl0,b44R6LkMAqQ,vVCU8pEHaPQ,VKEkuUMrhsI,V9SwUA77Gbc,EpVbB2L74lc,9WMftIiBTUE,gUhnIiqre_E,Uk7LGafVZ38,KXooPW-HoAo,LUhjQbNZa78,WXBHCQYxwr0,PRPqpDa7k4E,sSfvBSaagHE,BUJw41cNT2Y,umdVeJ1Bt7k,HWSc7ZMdnPE,K85sniojyw4,mDv73aWZALo,CuUonVsI5Tg,PZag5Tt9-Z8,IidFWTcKw-w,Z5UCfRs-Iy8,Ah0Ys50CqO8,tM40npdf1S4,0xtM_S_G0eY,QdPhr9Iz0Hk,Pi_cNWzn_88,q-gTtBt3P7s,6F4krSlVLio,ryDcW7Hj2l0,j9v6OnV5hgA,V6N7-OlQ8VE,x1NbH4h3jx0,Ua-H4AJqfXg,R2jSrbiTjhs,GEgSBuYlSoA,Oi1UunggOAs,xq3JO8WxtpI,b9OA5kkxtMQ,_e9tsaQMB8g,FPOyAY6aNwY
gqlNY5iX-nA,2Labi5pUHck,KITyUiMdGrc,GbQWJn9LPxw,puD2miiGJ54,JzbJtoncOp4,sHqtQzDYQPk,C5xFrJKwl1Q,FDgHVNbCcEU,6lnDkfHhCQM,E3E2L1lOOnU,nfWlot6h_JM,25ZvvprhWZo,CxmHSvZHaRY,q9ALtsnQt6M,w9WH3g2QNdc,M50as2yS-hc,VKpQgEyjNdM,hK84K2EYe6M,XCQK6LmhYqc,r5EXKDlf44M,XJ8iNG0N0wI,iKeybUI3JMI,R2jSrbiTjhs,x6yaSYAk2KU,zaor32_Ie3Q,MWBpQkleE8M,h36cpwlslHk,EZ3s6nqexgk,DlQXulnI8Bg,6WdChHeKzb0,wPqvyNAqr90,sSYBcvMxvg4,DCc4RCkH1fc,SEDLTKGIxP0,WYQFuheVACs,j68f71vzxT0,cCVhlliEBLI,Xct5NsFF2rs,05KUHhbY58Y,0Yv04ZIHGic,Gr4GBrXzy-8,6-NffUiB1V0,Jojo7gz29vk,BSCvj3q5GPc,W-N7vdTzjRY,v29P-wchMZQ,jM-ucR4lMlE,qBNjfoNpx2s,NkrO304PWh0
g38dEQf5cew,BRanumDM0Ek,CkSo0WIVNcw,BjdFeo-7DOM,iWD-jFMMIYA,KYLflMsfl_g,-oKd0ilJEKs,x74bZjDYUTE,sOuImEd3BP4,OLFGcIcZbl8,QtxOcjlxvEU,uelHwf8o7_U,JRif2MoZSWw,70-XrzQSzxw,Se6Z9jV_gB8,wAqEoHyenWg,IRyMoHJu-i8,FxChP7oux1E,VtznJSHxq1c,nIjVuRTm-dc,-EueYot6TZ4,GRxrA-wGaUA,a8Xktc-ugQI,Jojo7gz29vk,zDZ39GnJnoE,Ous5tVnN-rw,FS2_lLxcU_U,Siy1F7fUiY0,7uAUoz7jimg,P1xGv-H_8EE,Gch2hm8vvnM,Xb6SSqOWYk0,q8ogSmIMaLM,DVaptGOZY2k,hrSHQUAm4Po,upZ_q9CdXl4,vjdnJPENitM,vzPrU2UyKA0,hRJOyI7XUdc,yA6Dd-CVJQ4,5w7V0nel4dA,K2OzYyMiLkM,nENrB7hvplY,DXa8zW0cX14,LR73DrKX_bs,GMepymjuPDM,ozJcy21u86w,urVuHijqzkA,eCdfqZJBQng,BVu3BFziaAE
HasBy0Ff9Ik,siORgpeBgRI,3BYtgf0nPTg,bQ3gBKDa8RY,Z7LtRAdXMFY,_qvp9a1x2UM,twXmhOd9AT8,GrUUhKf4b34,b0CtL_j-Smg,1XWjK2NWgvw,6DgQf62pREc,KQ6zr6kCPj8,trtOkGsBp1k,nw8IbqVu_z8,8YBjlQyy6hs,e7V4HIkOujA,aDeNQNtW1f8,uNyAfXOTG5A,jj4ROE4sbxM,FJfFZqTlWrQ,BSWsCQ5bGvo,1eF1bdllS80,oLA8SWcv3Wc,DXa8zW0cX14,CzgZOuSQ15E,9xTZ4G9J7UA,Izy2J9Fp2xc,Y1_34gbKCkM,A3cfGzuICzA,s6c5lOwGXYk,m9gsOJLUcHo,Y1g8qlyTMnw,BCZiXkl-YLs,hXIaBT8EFd4,Acvf-2zpbdU,2xJ11Zb9dxQ,_hiThG2sGH8,z8_Z4ibABwg,2LA6JD7RVJY,fVnenAmoIb4,VMcnw9MfkIE,VRuViK_F3oo,-4BKJBWz1_M,erb2L3hUFlY,g8xIoipyjzo,PXo2Zdhh7m0,WDzbirhVzeA,prFE1fKnOLI,WfpUAcV-nFE,HZJV_xTm3n4
A0Db1ML82lg,9W0VsZkBcig,T-CauK5HLVU,_5Kdef5UgTw,0SSrvjDaVFA,EypOHCv2JsY,zgsEktp35GU,8SRVchbnnQM,FF1qflrG5HY,wCJJI6M77pA,iQQhDhzdQ4Q,tVJ9x8wBk18,Z1if2tWKar8,njYgggITz2g,nxcJW6bs5os,kZBedib27Go,Xq3hEMUeBGQ,m2MSr79NkWg,uN35Ugk4NS4,PeWs5KqU698,-EP1sGbWaJ8,kWpoacO5Chg,UG-x3k-jgj4,erb2L3hUFlY,wdOtxu407f0,kuPtrLVYfn4,zS7fdvMf55c,v0Zh7uA3aRU,Ma_7UDt1KyI,jjEMCRgk1Gk,P01sQITCRYE,v9U0qMHHkSo,dA7y_vWnY-8,GtxD_gP07f0,Li6l3Vx1dnI,rM60VX0xVRE,_4nkRfM0oPA,rG43I1ZQlAs,ezwbIbMwCq0,mH01KPnvC94,msj6qSGkFKs,5cq6RAN7XZA,sDIK-C6dGks,aiXbloUoWow,tpA0Xdi4AMY,5R_z5V3ycN8,31NhlQLz2yY,hHW1oY26kxQ,RoxUrlfsPog,xtEgiaJ5_2Y
voe0RwfZGww,3-2yNJ5-WRM,YHQqsx9wsnc,uSy6KLQMVE8,-RjMiWVWJmE,hX52dN9bV40,YMBj_tU7HRU,Gb7xq3th3wM,OIT2yrnT17E,TupCE_Tv0Jo,P8gIDlYRyhc,fKopy74weus,7BFA7a6h0_s,IWwhYPjyE1U,YF4YkM03VJo,p0NBxBnQD0w,QAOTxAGJUug,wXxqHqbjC7g,XDL3DlCQ1Fk,nVlYSFB4C5Y,i0FZu4QB6DI,Rjurc5UUb3g,LN1Q7rba8DQ,aiXbloUoWow,iMEhjsiHbwM,L0LeQdR__r8,cw_7RzD_0sM,6qZWMNW7GmE,c6o8-1qJgSk,omiogm9JBvo,62sbzGNydZg,gBRi6aZJGj4,UkIKY7P6Vc4,IYfgvS0FA7U,-UbnOuAyx9E,ZQi_hOAwb4U,SR6cjHWCAp8,ebHGm_YKAlg,r3ClLQuKIMQ,gZHjRQjbHrE,yZk2vytKlgg,7UAOqtoZiLs,FQQj2rQBFvA,XwRuF_rIyKY,ySlzGxmYlEs,MhQipztN0hE,AJw_XqvsSIs,kIup0E0e_Ak,VWn7WeMH_Yw,ndeU7BUDjAk
R4GXkjRsfQA,H5wCy3v3Xyg,ebiGew8mYr0,85UlHnoSkHA,dIC4VSUE7q4,SiZ5gsNAJw4,vmxIF1DNpp0,xwKAVs1BPjM,hq2DCVVk_So,sSh5yZdEZ24,YgiYl8An5d8,raVe1hZxFAc,iE0K6lf_ngU,KvDUewrU9Yw,kXt5NWY5Ay0,7oYmn5kiU0A,ShFZ8QCCiss,Yl1MRWZ1Uy0,gFkIImIB15c,yTCDVfMz15M,TSmEn1qfhnU,1m9EfNuQ2f4,lQXwM2hWUsI,XwRuF_rIyKY,c3lnpx88sFE,V5Klvkoh6vA,HifBnW72t0s,Dt6HvE1jJNE,INniLPDgQRU,Z3DO45UQm1I,5FUZeumpKMA,6zsuyL55A2w,KMWxtCqgUKw,j1zQRWiYo7E,rceQ8E0_kz0,G3UeoZechSg,abwmzggQQrw,cW83_ZfKYtU,-tmnwmC2mRs,l_AAm4cWT0k,S2RYBkcAkVQ,wT2boMk4JIQ,YlkP7Oyh68Y,rdaQsl9jqmw,WDF-DaVi0qU,GFpBJ_ZvY0U,V6kJKxvbgZ0,XVNIMfccvgw,IPXIgEAGe4U,7ojCh5gpWyE
ULb4jdjF170,W2SYl2W5SHg,Dz7rlXJgcMk,q3wATyd31zo,Wd57RFaRI2s,QXiAPiw7vfc,ocJ4fpRg2is,EkJnOWGCejQ,5bfCycMcLvs,PSBomRgdO6c,rz0VV-5JtK8,iJ05G5xQyzk,qPSBk1IcSAA,kjyeCdd-dl8,Mco4FSFVG2A,VbaWjNoXc18,cHHLHGNpCSA,FFIlwinbhkw,6UYJS-OLC_A,4IFexZ5apzw,QXUdozfL7iM,JXvL4QBdrII,a_rrj1Xh5LI,rdaQsl9jqmw,K_CQrjLvDeA,nNdt8vz8TCc,Z2FGgkubhZM,mVh4JQ1k-Is,dNmzN3CW5NM,kv1y8o6ulHo,xEtakDyrEWU,ZwS14TiO7Pk,eXO1EXDnCpE,aW1IJ3C477g,eATe8MW7RCM,Y8FBiiTiPno,Xeys-9ESynM,HreTSx4smTw,PAh1SSgp5wo,DmeUuoxyt_E,nqBRhAxvNyw,_SCywAqqdc0,1SiylvmFI_8,1Mxo3NWkFis,yiPomEPwk6s,HYJ2DI6glfI,yiAEc-QGzt0,H6u0VBqNBQ8,jNQXAC9IVRw,1aPa0HczBIU
mAge8SidnX4,EFqV6nyBchU,psuRGfAaju4,AJD2TNFylWc,mQd_OIMqhiI,H3W2wMS15SY,_Yhyp-_hX2s,RdNqmKrRmbU,X1shQzOImss,AWGXw9lpll4,LdBBIxOob5c,-jEDdFm3Nx0,THD35Uqw5jU,7fhN4DiHlU4,Dh1HQmDFQTQ,8NRQnqUcPSw,jie4fmF_nFU,ACCHXSvGyXc,ADmg2WpyCII,7gKBPnrkv9I,l-wUKu_V2Lk,Wx8NReYvsLk,hFzvVg1bYpQ,W_lmP8jYVLs,96mImjZCZmU,tV3PdgZl2X8,H6t2cYW5h88,ECGEKLqjU4k,wM6jG6OxfjE,df8E5iWk-0U,ov8-uuC4GgI,pTOC_q0NLTk,KnQsMl3roTQ,fKDXh-MHTkc,6I8Ome9WWoc,6ApPZWj05U8,ZSo_8_2gYmA,cuosI-0WlGQ,CfK2NWDvAxQ,asxrMSVrJ08,ODUv3ZTijOQ,_HyxXe3bgLM,Z0V3-oryfM0,1D4Fg_zTMgE,YMaVPmBhw9w,bj-LizjKQLw,McfXd_Xuojs,FXEp9JyC24w,5FD3uaX7FJI,ie0POIJ8VgI
V6B-q0eiRYs,cngS68vWmwY,Ked6T3GX0Z0,YcEwrvNsfu4,bNiGHZwfbqM,P078eGeM2z8,nlUV83Z8sqY,44EDIbpunAE,HcgA2irgLfc,VPUUrdgxIa8,iCgdP9X69mE,ZAYBCJGk07s,xmf7N-Fj-og,zuLySfYy9Iw,Bxz6jShW-3E,sRpWjqDQlPw,co6WMzDOh1o,Qgo_oQednXE,gJFMRbWw55c,uZo4cvyHm6U,CN2iV6YE2Qw,uOwj1aUkOSk,kilfK1ppQB0,1Mxo3NWkFis,gFZfwWZV074,72KVXJ0w5MQ,XTonYaTO7Vw,gIP9vpRBPOU,ZAWn6Z8CtZg,0c7YqjaSK14,ELS576swCSc,IlZluRmjiB8,TsDtShIGeOs,HQJbzCs2hVA,i19T1vW1nZk,2PcIM8CNe7E,miXEXyNA2qE,HzLMD7jAfvA,MW6hc_ZU-Zk,3Wf29RiKp70,EkPAZDhBg-k,xk5mLMiiP_o,QuJvRDgdI30,qPnTTA8BC8A,aGRNb0tdwWM,ZqyxlBKiEIQ,sUYpNAEMk6E,l_5nCyCF7mw,NL4egykjXPY,wGzkRjt2TVA
sLZkcCSX3rA,1XnncHIBuTQ,9sYElEbRzKA,MY5SatbZMAo,im8LYG_B454,zo-MIQR9x60,4lZqW1VqSJg,YDrR-cgs2Vs,OecZ0sx0pFs,kCbA2HQ_jOo,PdE7e7RZbZ4,t1oHtDA1vWE,8cOV6PRG7l4,zVX_wkdEgHM,QZHtx3-75Rw,KRFhYi94zHk,CjxugyZCfuw,-XAzDHco1w8,ov1oJUgArc4,oerAJaH95OY,RpepxkWU814,NKoigAxNwFg,jU1Kl2e08wM,1D4Fg_zTMgE,CkTw2-9d1rc,DYTz9ImM5Qc,EDUfNSf5bMM,Pd2KKlsngrc,x_BhYUadJ90,b-tAiOVMYFY,lFmFIt2lDyo,fwC30E1IVKQ,mB2V0BXH608,_YPQUroaxQw,ahWYWfXV8uo,NOpB3_HXU7U,FG23VT5AWDE,YoEvO1yOjhk,-s47d_JBnR8,c6Rrq-be8u0,xp-zTZoYfKg,Lb_eMhXQv6Y,XXVEKsILPXw,QRDvfNCHjmA,79bmtwefZmo,BmZ8Miogq54,riSffWEtrF0,EUX7tvF1swA,TlqKFlU7YAs,bb6JMGfXZuY
5HwylerFrL8,46Ug2un6neU,xX_fyf5xEVo,FtLTNa9-YdM,Ka2xXs8GF30,HuzFIeNWC6w,cJSlAhKbNkY,WhR5tKBk540,8uLAUwGDdnQ,YAV_0s1c2V4,xqhhGxs8d18,dHHt_VBefeQ,RPMl-rXftCM,BcRO6yNK_Nk,qdKgBatTe_E,LoGhvKUtX6w,wew7REEovKw,ln8lpfwS_CQ,s-6a5GCkR7A,BGIxRxlyK0s,f_h5oBtdtu0,PPefp-9V70k,ykQ_WVRsP_Q,Dlwy-si2Auo,0cHTzWc5Tgs,z2AxjfHJJb8,K43e7seYTZk,GQyipigFTAU,6Cbdym0OngQ,G9FGgwCQ22w,dL12wjbBLy4,G9pkJrBZDMo,zPJarh-0MKw,FHW4CY_ry-8,k_ypZVpazms,fY07-DCQ4EI,hQn6K_-3vy0,dsByKc-cR5k,NwhM5PIVWko,2jrVnvKLmLg,YmdxYvLgsGg,dcBPGaUUIY4,lqYKufmKPFA,WlhJ2TdjELg,RAGcDi0DRtU,N_XKU6jYIVU,CUQ3mIXTkzA,tcRs2GrzMDE,kxSzKwJEVmY,8321JSrhs-w
zFcqFRJLJfU,9Ehubsgc4ys,aJOTlE1K90k,isyYyBVi3L8,tSj6BkT1bN8,qmsg-rb5Qz4,f1VaboVwwVU,MR5ilmo80FM,AK4PHygWiAM,mtCgzM5v6MU,jktDAGy-vow,C_9v17ueUhY,P9XIJBzhg4Y,JIo88o2V0Qw,GhZ4t7pRyjE,gBy0Koh1yLA,CMWwK-WFwss,3c61cXRD-r0,ejEYmaToIjo,XLTlFkU0vrQ,NvcKP3coRs8,lj35DM767PM,KcQBycZlTfo,qPnTTA8BC8A,spF2l_VGYh8,vI4cQ8BYJFM,tLq0-uAbb0Q,5FtPL_RLLPg,x1E5OUYRtxQ,lWod8gjC-rc,O6-CSbSH5DE,c4sSDa1jnkE,IIWw5RnuUKY,ZaUWlzpImvs,04OBJo2Tw7k,iZwWsRFHYF0,B-AMfkU_z3I,64_JVIwXrXU,gnRKQjNs4u4,UT1G5uZDJwM,VCXxb97Xn1w,LXxdC9X3hxg,kYeOwIkVY5U,okTZb6GkU0U,7NBd6liTI74,kuvST3wGCG8,meoLEVjD_4Y,s2IB1Wj2MeI,G4l-u5AeBJw,1ZdfE91GPHw
33GGRXs4BLo,ywg03b574oQ,uvRlpcu3yjQ,NYqCDkMOJeQ,3xPUCRFioyc,yoPP9guntuI,isROOsii0f8,ZUZBiVvdnp4,QBEh6LcEq7s,QxV0qgBmTW8,D7e7aeYgW4Y,8PTDv_szmL0,Os837hLPg8w,_vocDalCY8c,PWd_e316Qcs,tvXfgdyQxPQ,-Z7mfIb5uXs,Nm_ERUwMqgw,WxIFclFQwzU,M8UzlmHfMIQ,riSffWEtrF0,dNMnyukp9uY,YcOofIqi4uw,QRDvfNCHjmA,p4R_DjYTj5Y,S14Xo2qP8TA,BVEF_uCfvAM,j8Cj1O7741A,Z-BlJDW4CdU,_Kb_PzO7250,IvzktZp_0HI,2m6nGyM8kTs,ruiKJrVKhas,P6cpecI96SA,nhEH2WBX-bI,XxaUv_UjaRA,NhwLMO8bJSc,qThHu6EAdRc,4QyBekMq4RQ,aBehoHATZhc,hOFNFYK8JZI,Dg6AhN3WZW0,g8syRhvSZdk,eTAEJ9F_K_8,hFCixLn9qRw,wKfmsOfYNh8,XufsrHTLNig,dqUJsr1Mkfg,F7oZQV9GXfo,d4pVt1SzunQ
gBenTQE7uCQ,18QniQ79ql4,vVk1uszxUo8,h2xufrHWG3E,f16mwwQZd24,nTsbTdG11sQ,TDoHY_soKrw,9Gd8dk7Aq-Q,YKgnqsNM3rQ,oc-7j_kv1vM,6eqSnUAmsFg,0GRHClyyHIQ,NEG8VV6JY3o,hFeylXkDjKQ,2W7TfJRj7fI,ULyoPbClG7A,JUIPsRNQahM,Uto9YwaIVfE,L3iA5I5Im64,APyS-vGpyp8,0AQFQMeOAig,42ADZSBWjH0,qrm-kGEA6jA,WlhJ2TdjELg,pykQlP4nSx4,NTV8d8kRRTE,k_JGlS_qHSA,-3iE4IStfRs,ETPXD-541As,ePPvUjHU_v4,v3bfbIg1U5s,5hqK-A0UxKw,Siy12TVjs_Y,Qucv8-8yrms,nxPNTsttNQQ,MSjDXxN09A8,1CJftAbaH-E,VBWb0MZrbWc,_Ib4gBHYg_0,OYjZK_6i37M,-5RdKYzXdqk,sgMnxCAEyyU,9Cv4mYHcGWM,1Mxo3NWkFis,aJpEu7fVxkw,FhnfSqVvJZU,WW7lDm2x9pw,euSAgaub3m8,LLCZi3MSV3g,PmV5yp_k9k4
tExqagWTElk,L352nf7AAWs,Ks3UxpQMdRU,ecioBE0wfJM,PHTRcrqBivA,9kWbnqnFwzU,GlKL_EpnSp8,qwiSBDE-A20,IN09R,ambYjBfQS54,lTbWdJyhowU,ScteoEd3gPc,HD4WrEpO_JA#t=4m22s,knLtgTlveEw,0Cd3JokdNMQ,_uUN9YpGUN4,CfQO99HVogE,i52XpKHh42c,SdD4yjmKHX0,iqC4gEVyPfU,HOOC53l3r0U,I5IA5L6QQLM,AbdKd18t8GY,okTZb6GkU0U,WtE011iVx1Q,KdgQM6pUxTw,scfMl_rJ5Hk,M3iOROuTuMA,utaRE-y5yEI,UzgJcKmoBvk,_4nt9bkIq5g,5hH22FYPA2w,twrKa5ydByE,hZS2QwQLUCw,pmlPnHBj80U,1Q1CtOGYRFk,oIAXSrjqN_I,xEvJ3m3oAzM,wIqAeetZtPE,4qKGWY1T32k,7OWFAblCmy4,TamwFUUd9Yk,NQaFSi4HqCM,FnaxTbMN8vU,C1P4oLp-Ejg,hPXg6Ey26RU,ibVHpeTou8A,JF8xgg7APuk,bCB7q1ONuJA,jYNFvLHP5UU
aOVQF2tdi38,4cvpYqqlWes,tYkmZybiK2g,Z3tvrLY1Qsw,W2KYWzKaqEk,L_V8fS3Z-gI,V-CPT33jDeA,yacVmFxolzE,5jDsPkPjVK4,PEtdC8iJ53Y,nobxOA-H70M,KWWRGmWKkfI,ZOHBabyZmr8,f8OQIQLPypI,yzs1WZg-dFg,FuufCDy1rAo,BUQ7QKU-IqU,yy7SHPYp-aA,c5WszyD9Tck,JWTyO8npkOQ,XufsrHTLNig,3k3fm_UEjQo,kndFtMkXdzE,eTAEJ9F_K_8,e8m9CWbP4hs,4CxogzN8FRY,liX1F0_xqmg,-9ypZdJkBA0,jRNDRfbdK2M,wzjWIxXBs_s,N7_FN7Cj76k,33TD8vMkOhg,i36JM1voOcY,RLJ90OYJK78,jWzFP2RY3Xw,2BOX4W00UrE,6rkN_WgDyVk,FwktExNC2FU,XFLLniFrYug,8Xd11KqZ9pM,Qk22D_osjQo,_hH7vZF15SY,zhuGwQq7qZk,Nwsv5irlM-s,WHPEKLQID4U,FDng_dnHKFg,6WTLe5KCzS8,3kBuDppKJMQ,5n1qqDkiE6o,UvV45l6VqQw
HvO0pK1FEdQ,kdyyjXcPCyY,gwE6Slec-NE,VedbZeysJrk,aZE3B3KdUqo,GPccFBaL51U,v6KJWomiJa4,iZbala54uzk,a9Jt2HCDkew,MuXYjobc-Vo,SMnLyEkvHlQ,6pxRHBw-k8M,Kuhc8RROw10,LDU_Txk06tM,FqtIhyxAoVE,vKm0vdj7xxk,erkybW3_Y9Q,bK_xCVZXjpw,fMx5WJFhmLA,57o6YLxexHg,SJYtDC00Dr4,iycrPFBmXrk,ScPs1ppkrfc,1Mxo3NWkFis,h1oCLei5y9w,L9AtyPY6ss0,1KNcBIfibYc,tnzz-eFmKaw,mREi_Bb85Sk,2rLcu292K_g,ZMxih2Viluo,viimfQi_pUw,ky1zkS7e6xI,rTYW9dcmqG0,6-EvyDyjSsA,QATy0DFFZu0,MGiMB5-R57o,2tioaN0RPJ4,91Kn9O9tq8o,RQa7SvVCdZk,1vrEljMfXYo,g9QneAV4fVo,aO-TM9GA3Tg,TidzKXJtvgs,Q_OJJUEZWEM,wtpM_cvKnfg,30jrmzzgHLc,R9ivZIXVo1k,0aO87sdBet0,xEpdvEFx7TA
5ts-6KK_QVQ,Eukmjzsgf_M,ZNFskLKrhx4,YCDrzjNxMy4,1rh1TCk98qY,qm829YRPxxA,B_ZZ2OgGneY,uI3pEAAaT50,4inQNa9i9Lw,9kxL9Cf46VM,dXEyWTLoZJY,XyiqzDSjeRA,IF_mJJlWVxI,6lJyrLSFLDA,-NOp5ROn1HE,MRbdY3WJyKg,tbXbOxhY3x4,p1x_vv5DYQA,RIS2dlnlsRo,0eEkWvekQiE,od21gyHyf6Q,ADY4b2IISTs,yvIYBXrc3nc,FnaxTbMN8vU,6IH7Aaf2l-c,AnMc5b-7L1A,o8p5fiz60Ew,By8jXutJFZg,lPCEvo_UnCM,M0Ncawy2LJc,0vrBBRjk2fc,dKlgCk3IGBg,SAPzoUNoC2U,R2bELcy7S20,Q13zvrhXYHA,2xJ11Zb9dxQ,jtSUbsx0_1A,Ixd5AWfHkIQ,x7FnF8wYRZQ,auLBLk4ibAk,g59390Y0Zss,xHwY4ljmE8o,Cl57NQ6GcF8,zKJgFDlf5SM,ySBz7cRx0gA,efpnqi2zIxI,laesiLn9hwo,yv-xvmjpGM4,Jn1dPnyWuwA,l1Pl4hB277M
w4ZNBKtdswk,_umkzt9Nrmc,NXO1PK9LO2E,f1yQnQd-a7U,1rh1TCk98qY,REFHN4Dk4jg,yVBc7F06tyo,MVVvF7PWo-I,JrCgvT4qv4o,h06mSMf6XZs,wPNQw8naE2Q,1kpO7woOopM,rgirJmacELg,HYb1xmm0ezQ,RJ_BaPs_7kw,FeCNZQcNDW4,l0-4xmPv_o8,Gd43Di-7fog,-bBoszqV_90,n_aVFVveJNs,UbvGzKffiNU,U2FXjf68v0g,mM79tmVg-TM,Nwsv5irlM-s,T2B3-ySs5Rc,THfc1R09Te8,HifBnW72t0s,Tfb99MZlqKY,eyV3zCq1OHM,2o6XT8eA-4E,v7hofCnniJE,joYaaipAhQ8,XhXU-j_toAA,lJZKVkb3gUo,ReJUVE1zl4I,tSDcbucrWmw,Z1Fb0bFnrB0,ir1fLj7Ntp0,y3982V1Qs48,83apjSbVV-o,U10nBuERNIA,DCBcSVsF7TE,5FVYNfe5LMI,BE_7ytgOl_U,WNFfUxe37Jg,x3bfa3DZ8JM,COgQUP8hvQY,Akrq-TO9EvU,liB2f8YqsxI,lm8F5C8b95Q
W064GlWrSQ4,wgM65_E387Q,hoBQRhNbreI,ME_M1yZnaM8,ha4tRQwKIUg,HmwLsdfDuTk,MkAftrj9QyQ,QRCBl_Dkqx8,v3mKxZn2FVM,RT4KkDXZpZs,mJBFCprOuUA,-oXYRhBHgoQ,m8UQ4O7UiDs,GiRxCuL6j7E,LqAHo8rYl08,-Ku-eP6MCHg,Xk_pi_nq838,ZTzOxQICJck,XTY2fbyHKag,sIaT8Jl2zpI,hm6x0IEFiZc,6GRqImmSB2I,6nrK6iTVkz4,AWG8wv0wdh0,Bhj9ZqYiiAw,-nP4rvogrcw,0HtWsQM_bf8,oDoHIVkWXnQ,_zYoRYN3how,swvzItnFtCw,FUXX55WqYZs,joYaaipAhQ8,T76oAbwHMdM,P6el3-VHQv8,nJC6MKtCyis,WNFfAraTLUA,MWEFNIgeALg,nZIzHs9VZOM,ciZNuy3-jlM,enIlx5gEO9M,0Xo4LjJ527Q,KsbaVFMb-iI,WOa8aqo9QM8,upR7J3U9_PI,ujREEgxEP7g,roUXjstidNk,b_vbfm8ijr8,cUWfxbHu9EI,TAaU8yPXA1A,_33aGwUjLhI
Z-xwKN3Mwnk,pBVh83icFvE,JZPkCntVNSo,hPv6nxBVTT0,gFcCJcq0DDU,H2bOvw7IIRQ,ciJD12Hdgaw,bLF6sAAMb4s,FJBgzX2HMe8,aQmNMLzuHv4,xewMXV0Hwhs,DuJmlA-u7jg,4b4MCuUgvAA,cNRryrYMbOI,tzUtNfyTswc,5V-bv2z5sXE,X_-q9xeOgG4,CV4l6fsCWzk,8SVMMkv2_HU,ZC-wTvz-nko,QMCN6sY2aDY,n2JN9LZ4MqA,qAE8c7NcO7Q,Dlk7OM0CKtU,Gc6ZErt6TvY,smuG-Ueh5S4,VsJ6piSan7g,uFvtCUzfyL4,CNN5aUkIcvw,Nxs_mpWt2BA,fRqwYsfiME8,4B9XMAbH-b0,0mvlvRlw0ok,J0U1Wlw1tfE,Vauz6xjqWiw,ZUFNQzcwz7U,SR6cjHWCAp8,2_ZQdoHHMWE,B_sD5TFh4nQ,OM7kcAleFFA,SFv2i5-RRQs,DG4Ox2sTrKU,MJuyn0WAYNI,_tF8FVWRsPA,KKny_ia8Fvo,6C9wkL7axo4,EeoIxUtHa8w,vflvKljxPas,AdUPNs1oJok,ioXyGpL6_VU
OZ0-N9-i81I,-iYZg_cfyk4,YH2sAbXv7p4,gC02-rnwzUE,049X2NK5vWk,Pfr0nsh0Ghc,Mh-x32LUjVo,PeSpbRdfXOU,JhR2Vehx0wc,UELGDF2jNhU,PtgxmoSsgpk,mgpmnBqALng,nVCW14qWk-U,LbME9wm81cc,MQPKyCcElSk,O8UfikfvUDc,-KT-r2vHeMM,jcIQeXnPizA,N2xbjIi5oDc,EwpoX4LFTiI,PUQflNGv2Z4,SGTdLDO2e4c,JBApLzt6hoY,q1eLb9QW6FI,pPyHfJI2Kds,mQtrjWNDNig,dhXxXKxzAdc,xRwy_rKc7gI,35YHvoNXxAA,7v1hLeFk2ZI,7oKuLUjKXp0,Z1r3KDb0Vx0,jmakXY6ao2g,zbkVWBPgu2M,1wC_nsRYXcU,2PcIM8CNe7E,fCpF7KtWHWs,fLwFeWIPLPs,xxv68A43wm0,Eoz33H-KcFo,i4Kjlotbpqg,PrU94AinA08,z4BKEbV54L0,E9vF215E5lw,CibjkFL2yfc,IOtZetem1qI,ta72UGzhaC4,xxeZI0P1nbA,3z6Y9yo9_xc,EFVBGg17DZI
UEsdAIQwphE,cg-C6G06iyA,S85F7TFXYT0,N_lrrq_opng,531zx6eQsO4,Tc7Oua76g1Y,veGZvsN1hs8,gA8Gru79DcE,9V_de7aY5BI,n6kBrTmF0y4,KHpcFE6_cIs,TpG3BxRctQ4,ScE_7NqFCGU,yP_Y0KBbmoo,bG5wSvi7euI,kdqdBTEEUPs,vsolbYL1AVw,XOieXNqGVuI,6JgY-96GImM,QDYfEBY9NM4,rl5ifKY70KM,gB9rhckvd50,EULmzmfBE4E,TidzKXJtvgs,rPCzao7H6n8,W0D-tunw-4M,llzoItQgLOQ,KecCI0NcRyQ,rBP5qI-uUus,JKbtznMX0wY,Y6OurKpF9Nk,q31tGyBJhRY,9D18LeHn9rY,brPr3Id33sk,NI3KFI7gm2M,VlVlG_AtM4U,SvRzQaXW6-Q,OlPwfCa4UsY,W0pSH-S4X04,SBjQ9tuuTJQ,c4jreKZwo3k,n2JN9LZ4MqA,_Yhyp-_hX2s,0LyhDd07ReA,pAa4N0UNopc,UtYphdfMXbw,cPCLFtxpadE,JI-2-aUYEYY,cpQIH12gE-0,JJrNqINzNjM
n3zahYbgiDQ,-mIbDPjl2G0,1kJqGGsJ_os,i-0rSv6oxSY,uXBQqLhWPys,yzFzbVbuxLM,Y1vlgtEVhaE,rN1aLF08Q2M,JRyDT_Mtzu4,ARqq1ZBSpLs,wLmpK55dvoc,Htu3va7yDMg,zCcS8wrNZos,L2lXz5CCwuU,QGLPNZGnitw,8j0xkL2Mba8,zlc5Bii_Qf8,9HMsyNpw400,YHeDCm9Ah9c,C1hheoqQOM4,E_gkD5m6gUE,q289a8P8Ht8,sMFoXs2ts_8,zKJgFDlf5SM,4qPLw0gilIA,SNVE5pxaYa4,iFvdlWHs1q4,mDhXzzNNPqc,2BaF1i9BOFo,kavsxBGuBP8,tjOM9ycEyAA,V1Pl8CzNzCw,1axRdufCqqI,6pdfriFuFt8,6HzBLi2k6GU,2xJ11Zb9dxQ,5x75JsWb92k,Ko9uz4_w9a8,wgxIj6-5Ceg,UL6Wq3yRKKs,RWOXekJeAF4,lv_4xmh_WtE,2zkjQVh5KmQ,Ob4N8xgWt0U,jceXm1_qEtY,8ivOah6SMOw,URTlw5-0Lng,axOhJh1x2n8,xU0zZ0qGJ_Y,aGbSwXOUhsU
h4QGc06KnBE,dVsV4mDjH7k,TBEfVYBohzc,gl6Bj7IePx8,9uAd0Li2CsQ,nkNLbt7TiEU,1PvqFQBWmSY,KXtPnfS0a9E,4xg5Ek2l218,HQPy9tGvmvo,ZV4Ucn_7t6w,icXUkIfZxyg,Wh7iSOVc5wo,X79C8joIyEc,DUZ7-C0wPF4,EkwyWSAiUq4,xjE5D9cHiOk,5LD7NQSie6Y,h9ugH3i_dZ4,5uOr1jBuidY,CNnzlh9wNyw,2bN3AFwYcSU,b_oXAOm5w6Q,BE_7ytgOl_U,IjZH5MmxwDc,dSUIbM3xO4k,cEyLbPwI1Gc,ybDUp8OOUQk,h8GtaNrYL8w,YpuBfWnjqII,SUopbexPk3A,r-0BFWk1h1I,FEb47nLXzwM,C4xoI2_oFb0,q08Ik2tiE2k,XOqMyxixjFA,l8gZCoYw_pE,9V_zgRQcWJg,HnLdQR36AqI,YtsQrkJralk,V6N7-OlQ8VE,VHR0EfYACAI,j-Tqfd1KqqI,by4cD7KqcpI,G8wxIlMLIQs,tOnmS_VfKGM,5eFA3cwfR3E,F1Qi6UAzaQ8,Evglasm_IpQ,0mJR8TwtE6U
ACeu9vjVNKs,xZQNhbUmgqM,pRpeEdMmmQ0,ooVVqZ6Dk7U,R09TrBVYOtM,3hJXaWnQyjA,RahTe4p5Fro,NcJZUrqEwDA,WZBQ35oc8n0,uKNREEFZvdo,688VAakCq4I,e-ORhEE9VVg,i17Xlvbczqo,EBRYxN4MLPk,reTbOpv8_CQ,yMK1YMXu35A,l11YqCXoeJw,Zi0BxXQ0eV0,PK-QYTD6_Rs,so4FwjfQ7YI,pZvixIqGn6g,ES06Fkkl8ac,EULmzmfBE4E,1Pw_co4mNH0,w3RbaZ5TNx8,XuvAAZUbF_0,JoPBBhL5J4E,FnIMCpevwTs,auc0YX63kqQ,841l0y3GP6s,TSrPIkoL1I0,JG0HKOTh7MY,jtROBsuAlTg,QO3JPTbscuE,TJ-bYx9hRn8,g1emEperjLo,_2Iw2IcDvIQ,M_EYRbXtrmY,ChjJEU8_szU,HflDc7PUT2g,TMM3O2T5gXs,FRE1f0t1xJU,lHau0L8ULN4,b-2E4ByWEZs,16N4OjhjZAE,xBYKvjMwGFA,b1gIqVsRoaw,T6AeO7flGx8,t4YXfwEa4hM,DT1UYx6VwMc
0SJbFcHB3Ck,aYNNMxSOki4,ZNFskLKrhx4,7asxbhm3CW0,J19usNGrQ_0,-HYw-ITuTv4,x2Zf4I11-_w,tqXZL077l6w,rtPjBvIEi7k,wbBTR1M9G38,qgjhVDmfE5A,_cK_yWZ58OI,N1GFGvoPUog,Z1n7Gcyxcu0,QzKU-lYdC_Y,gpjhI-eRE6c,D3FkaN0HQgs,V5EUsIzw39Y,GnBCN3GW5Jg,9qwcaVzzra4,xiYDWspiBr0,kZVTfxDIG9E,gAQZziDhbRo,upR7J3U9_PI,qyR3I2Nk59A,aYr9-t9r4-c,_o-jy505Zz0,OB771JN1XQg,rgWFfY9eFaY,Edoy0smk910,qnHC3Cy4hGo,xXFdnHiGwos,JoFrbctMxdg,AWNyH56oXvY,90MFa10ShmU,idFJkZQmN38,Iss023ekOZA,qIuX-lVzIJM,N8O9aIHJpKw,xjex-KTz-QQ,OPf0YbXqDm0,BhLnnR6Jo-U,EXcPMisnQH8,0vpoJEBkTUU,T7ihdsjIqhI,Nl_BnDL6uvM,IdzY6lcCiCM,WwFOPp3y8Ks,60oUUq--jUU,UfhNqo0pjXc
1OA7kFpmPeQ,r11Z8KiRww4,8dj96pSrieQ,yByR3GpMXNA,j0SnrlxxwRk,HbUo1bmEUg4,3nJuaTMXkZI,mWDgbxao07U,kK6ysTg2aqk,Q1xmECaR5w4,dTpcKGoc3vs,KWh4qeVEaqw,GN1uV57hE_w,D-8nzST2Vh0,Y7HveFHVHjA,xLpIfEj5YuU,FK78oAwoljk,ksNWK3cCjVQ,LsniPoEY4uM,zLV59rDaJes,463HX6-MysI,6hWZ5Ef3DGc,TPnHd3PrlV4,_tF8FVWRsPA,_2v8nPxi1tA,zbSkNXFDWVs,S8VMfbARSwA,0to-pxIQtBA,kddkJwB94kY,ndfViDRiPeM,RbS7HtCJ5l0,vuXDX8AQFZ8,DU7jwmB_dc4,ui0qROLbOXo,syhsjOltQSk,qDrP-vgZ3ZI,4rn1EdnkjfA,4_VAKrtJQMU,TdwFMDjXcPA,T8QdMlCvsOQ,TIuV7dO5qm8,S73r5rHir3Y,tGymr78FtbU,XlgP1ntR6Kk,OT3qEE9R3h0,t5XnIp8LFg4,iDtH_4SqjKc,D0i23wZ0IeE,7NgLF6AD0Bw,zbSkNXFDWVs
fJgzEjlRLa4,P2ih77KMD6A,2O8wta4FsD4,pv-JlCTX_bA,0IO9OjCZGUs,lDCTVznr314,pgzRelmeUCg,QwZ4s8Fsv94,WmVruVQLyvc,tTC5Lt8M34E,7Gffgv--v18,MefTUqzstUk,XBGZ5g5Is40,tSv5EAoUAFs,Yvi7y10yNyg,1Ynf4qkEaKQ,oBiu2Yc4ffw,WM-eO6aqz40,kA6JhyyuS7A,450p7goxZqg,qVNRbzISq5E,wuP2Ej2cO5c,e5JjR7XVtEo,E9vF215E5lw,n1uAXLl1jD0,P9sywLN4Pf8,lU1af14Kskg,Q2-PUZf4XDE,g_5ZTyp4ArU,DFia7FhVmuM,FjuTv9EKDt8,gBRi6aZJGj4,c8NMVggiRcA,iK-nkOlt6qo,h4mbheScCZ0,1SCOimBo5tg,u3emRm7c6sA,bIxFaTeGOn8,9oXq99k6TfY,W9RW4duIAx8,A29o5IHqfCY,9PC6EPGGZ3c,Vp37vSIMl3o,Ln2dn6VowfM,PKfR6bAXr-c,H9Sy-UzuZKU,4iSncY1_CzY,W-1Rp3vLg44,vJMn4TIa2ec,5O1MwwB15PY
jwbj2gzzTpk,lK3-NkkHiXc,-6weNgBiXSk,GzRALT_Wijk,09AcXVxYk9E,W7SZmMW6Ow0,mcfREDQXJss,NU7p9B4MFHM,ywBO6Fvtf4c,sUa_og2N2gU,5yozVmLyEH4,6HheJKcoHrk,YR355CwNUww,lKrAKxzAXsk,nWGwamJVagI,sXStLmTVDKs,5jQBHWFURnk,a4i1OnDtufc,vPYV9ZhZkgo,OPf0YbXqDm0,MIm-mejnVf8,0AHu3vafDmI,h1pSSrmdEtw,0LyhDd07ReA,oIsszShmoe4,BqlbsywI_gM,Kp3kLtcEyq8,kdjYlrvVFNo,VhdgFfNsst0,5ZhW1wBCA7I,yOhMdSiu1dA,Tldlt2RhrDw,aSuy5zQbC08,ylSQ9UULvmQ,nGZ4GpbfSlc,fbbJlGVGpMw,ISMTPxCLmfg,OyYZHyIPrhk,nl3vIwcDW2M,ElN-2oeG0A4,w2ESMfBOyn8,n0MMGV02m84,zpePvu3A_UM,gBeYUO06A58,GNvV6N7veRs,-MAGfZ_hC6Y,1ECarv6zISw,_uaEPSYoyK0,n2JN9LZ4MqA,W_K_NIhHUzg
-E2JZKk53bs,QZOaMbTRxWY,xlelued7IfY,_jxd2Ohj-AY,XD8vbllR8oY,W8WlxumOsHU,nn1H3iEYLcY,A7g23cQlWtc,-v060i66W7Y,LuJQze39ihg,VyjZHlck21c,8xg3vE8Ie_E,u2uDaBARsXw,6ajSb49dQfY,WfQVQP_5J-w,vw6UXiJExQs,J1OsKJW51HY,XQun9rDmvms,FkEE72qBuOE,Rn0B70_88MU,_7Msg5EUdnQ,s76qb9kSwRk,_FSNGfpx1Hk,Ob4N8xgWt0U,2GnXIPwR7-k,jIYxkFH34wQ,3DoBugQLebM,tlbOEcAcUSI,0RS2B6eeK1E,IcMUB8qY-qo,hTzJ7eEH3MQ,Xb6SSqOWYk0,0bpMeFSPna4,7AXYu-NvRK0,_eTYJisVvRk,RI-HOQ27QEM,7aTe2lIIugo,OkR5tabHtj4,sPbHalATzHM,OMD8hBsA-RI,YmdxYvLgsGg,k0DeSYstFOY,PQswfILThsY,En4mjx1Rx5g,rwQSfknvvrg,DV2uMKFsQNI,_cyIxkFLjWI,99xqtNyeh2E,L1KeMC1VU70,N6taab25hi4
i_63dDzmi34,6coKqhSTj10,liTSrukzOi4,7XrI-jzLh0s,deNGtotY9cM,BKIOqbx3sbU,Aw6RP4-1xAs,Rl3Ta5i518o,Blwm56tYwIs,Nn-kPfUfkAg,ZdehE2GcofI,QW37Dtxw5GE,d8gjt8J6f_Q,-ta-Tlo2mnM,cJ_viiX0rS8,LysLkt6SOuA,zNzO6LCyiIY,HECh-qZoyPs,o1OYyVvnDrM,xdYFuCp3m9k,4eQ8ZoEAtac,8dsVDXU_G5w,_w6cw_OlUmM,by4cD7KqcpI,Be0dQ-ohPAg,MtdupS0gRt0,yPT_efsecYE,pAu_ZiKqVhI,ekO_9sm9pVA,Mfe3Cg_Dwis,5t30cC2payc,pTOC_q0NLTk,Lm47Z1HjVVc,cMSse6J-wfU,tSuuGscA358,g1emEperjLo,PYko9u_156Y,7IiAi3Yy9RE,a5AAs4aLxAI,cbR_xtBdyE8,J2JQQm1h6xQ,aS50lDoCkYI,PlBq7Kw3AMY,jmRkc3lmN48,wzjWIxXBs_s,E5Yt-sXAMxg,z43vc2g840A,l41LN8QJVzo,hAZa5DYCmpQ,JS5IUi7jesI
xZm9_wlMgPs,VsDbblGXSog,ioVAbpKCDxI,vETjlP8uZgU,9mqM__F7eiY,o7Bf_gkmtqo,09e-Sewe00Q,Rl3Ta5i518o,kcyaKV1dbV4,r5uENbSC-ws,gJ7ijiWn894,KHp95N3iWyY,Xn9N7ZMmFrE,H4YhmYQxS7c,z2HRQepggWU,JwAVDzcXzM0,oU9F6J1lafY,GzbKb59my3U,fSbdUkVvbCY,ZAfAud_M_mg,ZxKEDSurqfw,U-P4UsC0p8A,vyfNM-tIfiw,r-mnfJvSDkU,VBvscTuW0SA,W_HJxgraOTY,BemNYeQzUiQ,XhcciwMFB8Q,u14bimquEx0,UUz8woWi7C8,2nC8Eo02GYQ,SbBni4V-Iv0,lDYJ_CriQgE,2ODO9Wxop3A,Ze6ZG3uCE6I,2xJ11Zb9dxQ,NhwLMO8bJSc,IaMRvdDCTQk,YOgQjsB7Ubs,gNxmiwgpXP0,zZlKIgx8TBc,_hH7vZF15SY,X5YO2G-_Ij8,fNC2L3mFx_4,T8NnbimUy2I,JJdU326y9nI,UKTm_AsHySI,67ctAd1eYE0,KdiDmcapAA0,_Ph6ccdFOAY
VQ0hxye_CVQ,VOmFlC--pqE,BZM9-XrPYDQ,cSp4-GXzWnU,KW8n9v6Jbrc,H9PxMCK--OU,YDwCEG52SII,FFkpWUv1pVw,xCYPVs5nVns,OVbF1hmgR18,I6FbDzQko98,E9lpqZ9YXVw,C7tUVx7SYEI,Mk2SeQadtd4,XRgnkQSjfTU,DQY194e7cjs,_0OJL7sxfD8,ocrjkwtF-e4,s4MdhDcTSfU,H1Krk9OIj-s,PYZINjL9zck,L-D2aLGy7To,ofe1r9Wen2c,REaYUKp2FNQ,cjwQmJSEBvc,mI8bxDHstlI,rV9CcXiutis,Hhe1Si0r16g,7yTjcs7U34Q,mi3pjvyeNWY,eNoHmhN9tZo,3rMWauF-Qs4,s5Ma_9dTtZQ,V6Ps98ZJffE,KGLe3kBovRI,Lad1y5EOtWY,FSeNieIpK7Q,s1bDOMbfpFI,M1UcM3epXUE,E8WqK5P6yRA,OCvdy2OxTVA,MkYD0VcNwlU,U9EYWLcQeHk,7YZH-5cHSgg,Z_FAwzT_nwo,-pGBJw43nYE,5dWRbRA869I,vIzd02tXe-0,Oq8dS4vv6Sk,u9w2bbDlhQY
Wcmf1igs9fg,HUnDVs4nsrM,srzNr46Pbgc,Y1pL3lEfZD8,s6httSMyO-E,2GZEr_NK9j4,Ceqq6kQhRKA,fOI1v-ZITqo,QGebM6jvXYg,KW8n9v6Jbrc,bRCvV01lglo,_44bu9tFXZc,yLT_2AGr1fY,qd4T3p5cLwA,fHcEfsuPLlU,1QIOeaPidPg,ZjsvxuifBzA,k4oc_NDbKWM,8fTt_9Yg1VA,yoTuPuTpYog,_m7lK6jp6jY,550k83q4HG0,qEP6okCgc4E,26SwZQvSJJU,C9zNFiDDG6w,xJa95sKqQ8c,Ppz8XR2hy94,XCDtNOZ2d6c,IcEPxnuNkd0,hjlDHaasm6c,XO_Kgc92-Mk,lp9XrG8hjyo,1VMobe6Ugsk,_44bu9tFXZc,j-7ISKNqz6w,LsylMwHpKIo,qXPD0Duuf04,jIpEApsMUQg,F-AE8nJjYTo,_1VQFhCjByc,gwnBkqoJpps,defEGgI1QuU,MwkbFikzKCo,3eneAViB-3s,sIQjtcM63XE,6xW3HVSP1bY,FbiNFp5uJII,DTrPC984Qyc,RJTe_wkuf4Y,4hW0oXgMMR8
pBguE0-wwGI,aXsJTXtIcks,U95Ym28LMSU,HeYXn1-SMYg,bvm91aF3D-M,7xlC0kzUX7k,iJk9a4Zyx3I,Ep0AAvc95p0,-ewB-qdFiUo,7Vv-RvGgjdg,BnLL5KYrIGY,x5KCE9Qe34w,RuUI9gVClZU,fOI1v-ZITqo,d4uq5rjcXT8,FfRIrjUzFME,Djvptnwa94A,bvm91aF3D-M,cEa-zjr75S4,lklQb2_oXQ4,aUr_r9mEhTo,vHSsdXG8Euw,NiHmmxdVk-4,2pZgnaRq9eU,W03shilHH50,HeowaGQPjYE,6iGe5NLdao0,5yUaenoku9c,UdJUGA3YaT8,vz_dXaKzHSA,FqWAPo3LPkM,_1VQFhCjByc,AmJvucyyhng,i7bQ43czY9k,zISEH06dR0s,27ytl25S19c,UdJUGA3YaT8,x8DieDlqcK8,IK-mVOzep68,GcfSejSdE9Y,TeEnGO7tW_E,ikKUUDZ0QJk,Uwoztdxl56Q,ZerVyNsZsa4,LFzpKQppobA,GOwzIDvgRRE,tKVYzYUT1vs,wA5aLndcaD0,XUyOPjCsopU,EvdtQm98Ysk
GcfSejSdE9Y,jIpEApsMUQg,IOSrSG1ew1Y,zv6AlelJFxA,i3TCyp84JVM,gERBCBr5BBU,efvafFG7UDk,Pl63xW1rmwg,5-SHlfGOphA,tKVYzYUT1vs,g6gUCNvRcPc,Q-G_aDJrymY,D-thBta_56U,hv2VmF790lQ,5m67QTFWSzM,-FpH2Wzh5OA,KkIN74s1kMw,B-aegNb_Z14,JK50Xdtxj0Q,TaTV_n1t3uA,RJTe_wkuf4Y,OYeyJnY7zyM,hv2VmF790lQ,LsylMwHpKIo,aXsJTXtIcks,FqWAPo3LPkM,K049rm-e04k,iJk9a4Zyx3I,vWNfFlXOF58,xWzvIApFRdk,ZAOZsg675L8,Ef1R5WwpF64,PY5ClG5qpQA,gJnOeGGEubg,yACYQKSxs1k,vjjsS-EKJzM,p9LPwjgIPfI,jnbXIh3KuCE,EZG-auyuZp0,GOwzIDvgRRE,DQY194e7cjs,Mnm9vy0WNLc,5NkwKmEZjs8,aXsJTXtIcks,NTvGLtIChLc,6q3X4wVBg3A,lcGWYR0yWbw,g7R10lqzzKg,-pGBJw43nYE,GY7NSNlUkt8
yzYTMndQ6RE,NX6PxzMTZuU,b5GxMq3T9oY,ipKBpmErXJQ,wT77jl_VWOU,TaTV_n1t3uA,rV9CcXiutis,rvKF6_SYKYM,VVaWr_ngok0,4i45QkyxS08,hvQvD0p0xRA,z1HB2dnfSbo,hv2VmF790lQ,5Fjh07WJQxs,AFp9A0EItx4,khwq-tYwUzU,PkWEy5_jIgk,E8WqK5P6yRA,BazXLKFuygs,v3xILYyVyaw,NkRXbW0szM0,GTrPliT4NRM,dVjOeNk-Ywg,h87BlQHAk88,d10IN0hCrw4,DzSwxAnuArE,Xq6gz6N9ZuY,mMmX_OmSnuw,mWf9Uz-tMw4,GekWwTgd26w,4EyqLTGcL_0,TIwV7D5y6QA,ZGR92oxetBQ,OXrYN3nCXOU,c5yjQ2BLlkU,sjC9rxq0LMc,6vEuUQ8_USk,bNEODKqdqXk,vz_dXaKzHSA,t0DukKWSnS0,SghrfWOOXMg,nPT6jpN9sLo,UPV6BNRJWxk,uh4jAKqbJM4,ZjZ-9qsaL7s,_lVfpxDbbSc,PXBL-CL81xk,PG_G-LWWMl4,UXU313ZBMfs,bvm91aF3D-M
tKVYzYUT1vs,kFSfHuAsEmE,VVnwoiqsHRM,XCDtNOZ2d6c,H1oIS8jsqnE,ajPBYJ-IHyA,-riLtQ53ihE,C7tUVx7SYEI,QH5LBi8Pwq0,xE6yTgbiF1E,ocs_1gYYPTc,4KY4Uqow8sw,MqIHoZ-TE1s,OigTZHutqA0,UKyEN6-xFIs,zvTLmsB9aeI,NrhldF3vK5M,bY0n5M0BOPA,ZB3-hm4A9rg,JVNZGAHV5lM,c9yc8X16w8c,xExQfAuZyT8,3ZVGFEl52bE,XRgnkQSjfTU,nLaqjtL52iA,gwERwdySixE,P6AxmtoLpAU,IWLfPHlNEm4,DTrPC984Qyc,eF4G5XaezHE,9dwkz2UdDWg,ZjZ-9qsaL7s,Ue7R-O0M3GA,uh4jAKqbJM4,Vy-SUH-u8jM,PxWVYn9gbvE,OigTZHutqA0,JK50Xdtxj0Q,D-thBta_56U,Ofm2QhMkhmk,lcGWYR0yWbw,EPI9wV6yIUY,f5VKDIP0a9g,FDDhkd0jex8,x2kC6iFoY4o,ZK1NIl13I6M,ADxNQG252z0,t28Ibor0LzE,kaUv_QOwV2M,1VMobe6Ugsk
M1UcM3epXUE,Y5h3IIs6YDs,uwp15eIa0tw,fNsp1Hgjpe8,Ofh9Ha9arNY,xYxEgmqcwos,H1Krk9OIj-s,H1oIS8jsqnE,LDGQtDibW6E,8fTt_9Yg1VA,FSeNieIpK7Q,OPrC8pKuIjc,s6httSMyO-E,_aktyXRudwk,KqQcpUPt07Y,V6Ps98ZJffE,gwnBkqoJpps,aq10OHxnHAM,HeYXn1-SMYg,CQ3zF15781w,6NlqaE9hvPw,_1VQFhCjByc,0-v5v91Y4U4,nwQhBbm_z48,4AIMdAHBXSg,K45QrOmYIJ4,IWLfPHlNEm4,2QB1Ghekfb0,y__HPTDB0zg,Q-G_aDJrymY,6Oh9Exf6rCs,Tmcz8zAalHQ,zvTLmsB9aeI,xWzvIApFRdk,-RAoRA1a8AU,eh_j1fGT6NI,Mk2SeQadtd4,-TgYToAZ7ho,6a8wSCzpUEg,i7bQ43czY9k,efvafFG7UDk,vF4t58gil1k,FbiNFp5uJII,t3D8AFcGaGc,Ot2VgsGDv30,ajPBYJ-IHyA,qXPD0Duuf04,InU-7sHgmQ0,ZB3-hm4A9rg,gERBCBr5BBU
zeQ3HDSoJoI,RbCPEEsRDHc,2ZlDfhdrzxw,mA_HFoI2GEg,2zDPpapXm1s,l56uejyhLhE,qSrWPSOnMFA,IeBBiNLkEHc,xY04C9Z_mTY,HyUkUH4q6dc,ab5aEOM_e0g,vgInQ9U1q2s,A42ryiyTHQw,ETU4Ao_Nmuc,9l8Du259QB4,MWF2lARXqBs,Z_FAwzT_nwo,26SwZQvSJJU,cjwQmJSEBvc,AYl4zxU2jLs,chzgW-tQFYo,B7zts4Vxuoc,2GZEr_NK9j4,OFlGc4zasLU,SKgtWvJFLTA,cxl0uaZcnH4,f9k9uKldbFs,ORBCuBnRI5c,GY7NSNlUkt8,N1L8ysxoKZE,Ch415O-YTHM,-BJtsGa70wk,vB2DCJtcxYM,f9k9uKldbFs,bbc1t13J6dM,NtUOOFc1eXw,4AIMdAHBXSg,Z_FAwzT_nwo,s1bDOMbfpFI,K049rm-e04k,_1VQFhCjByc,-vFhw4RIBqQ,y__HPTDB0zg,6hiRamDF9wk,A7SDXu7eH1I,WbYWweg0_jc,wA5aLndcaD0,Y1pL3lEfZD8,JWJTzilVexg,_m7lK6jp6jY
roAvx9uzwVM,tkc2QjpVu5w,tMAVcuVpjEI,u9w2bbDlhQY,qXPD0Duuf04,Pdqyav6Lmn4,JonRD_X0xFE,Vy-SUH-u8jM,6NlqaE9hvPw,ElxcPbAr2vI,pY2ZzXWQL1A,n0cZN0d2JGI,XTLCn3hJgxg,CQ3zF15781w,q0PF_jRy4kQ,3raLgXC0czs,CARn7WXqgxU,rvKF6_SYKYM,AKQExWE_o5g,caJ3ZR00XkQ,u8U-Rj4kvC4,ur3KM-lGpbk,046tJD6hihQ,qR0Qm0QDJ0Y,2fVZM0DmN34,NdjXNoHU-lQ,I6FbDzQko98,Eay8dOOyLQo,BazXLKFuygs,YDYQ_VWqc4A,qR0Qm0QDJ0Y,nS-zmCptV9s,5gRSQhqfA_g,SgueGGuSGzY,PoXZohiQ39A,JK50Xdtxj0Q,J9hzw5z04ok,tWJhj6gTR04,sQceKnrYVFQ,A7SDXu7eH1I,IUfcjcmUBmc,t0DukKWSnS0,D-thBta_56U,-2jqXcl5upo,I0QjO-zFdnQ,agYm_Xawb9I,4mIVfb6jyBQ,yzYTMndQ6RE,oUzOaTjwBJY,UyBObcGMFd8
EvdtQm98Ysk,mgbvbPyMFhs,wT77jl_VWOU,eQErumyBe7s,zmKrBdudaIk,KkIN74s1kMw,ocs_1gYYPTc,ib1ZdbIRtPk,nBKB88ZY9rE,2GqLwlDfo18,d7vHoOtfZ2k,yMJLUyeoRcg,xavLgJa3WTM,Uxr9BCn4bGM,vz_dXaKzHSA,VDOWnn4jDm8,IWLfPHlNEm4,ZB3-hm4A9rg,ifP82U38jp4,E2WLVBsCDDM,ib1ZdbIRtPk,hiw80m8rhR0,no-_e_ZoFhA,k4oc_NDbKWM,-0xxZd1GY1M,J6wUmiJpfv0,ZRLfdoRLCfY,ocrjkwtF-e4,MQ3dibfc3sw,vP5zG_OJSH8,x2RG62pRimQ,roAvx9uzwVM,mgbvbPyMFhs,exTbluQ18Hw,Fe0--yikr6o,Vy-SUH-u8jM,0-v5v91Y4U4,TlwvvqOTuFw,h6nmGDEi-kg,8PbZjHyKiyo,2lL4aQqsZLA,touL_nKxp5A,gzqXZw5PFaA,i7bQ43czY9k,vP5zG_OJSH8,EtbTQ4MsBNc,yu1AurtSL18,IOmIlzwVmwM,AKQExWE_o5g,19Yxpl-zwRs
Ep0AAvc95p0,aVpaMU3M2eg,2rhslYeQyaM,6q3X4wVBg3A,s-DiuGUyNdM,iJk9a4Zyx3I,Ep0AAvc95p0,Jqvg_GTsi18,aWudYmxO34Y,efvafFG7UDk,XiM8QXgGqtM,892r2ba0Yig,bvm91aF3D-M,VOmFlC--pqE,U95Ym28LMSU,vF4t58gil1k,ADxNQG252z0,SatW8aZ1DI8,KawiMM4Y6T0,52fwMyBPXWQ,aft4aVTC-tY,FqWAPo3LPkM,ebpHlq8W77M,fCUw7Ldb7fs,kFBEcI2Fhlo,_c8rf1ZqaZI,mlSSIEiENwQ,94Kz-_yc1as,qOAb3IepphE,tWJhj6gTR04,iAPHgumzp8s,atxsWXrsB2I,zt3EfUCwsa0,53BL4Lyqrg0,touL_nKxp5A,UqrUcLQrU7Q,SKgtWvJFLTA,81gzprMwHwY,dJw0hdvxooU,95uZw_zUFKc,qWxBGAKQ960,KeVaCsCSnjk,-6XRWcJ0LgE,Ef1R5WwpF64,YDwCEG52SII,FbZG25p8cXU,-FpH2Wzh5OA,NSYh06ZJd2Y,V1kuBP65xeQ,zGA2MWNnsoU
k7BfXTUBWTE,L-D2aLGy7To,CS5-4mRFy70,ydVYozMwQMw,RyWuy_OA288,_vr5WMKg9D4,TIwV7D5y6QA,8jO7szsbEcg,ipKBpmErXJQ,ZjZ-9qsaL7s,GEQ0OOnRMmI,mSX58Ru8Pdc,lhG6CGTXawY,ocs_1gYYPTc,JkzKXN_9Iwg,pLkgbeVWMaI,Q_UFcUezxIE,NtUOOFc1eXw,SgueGGuSGzY,sX7q-PGi4Gk,rWMBGX-G0EY,q0PF_jRy4kQ,YDYQ_VWqc4A,ENg3UjSlJKE,3lzj5R2Sp8U,Uwoztdxl56Q,2cfNWR3ICUI,_c8rf1ZqaZI,vF4t58gil1k,qR0Qm0QDJ0Y,d10IN0hCrw4,T0EGBchuBgQ,4q7ii3XRHNI,Hl6WYw6H-VM,Eg_g57pyt_o,FKNgAZNBqcI,eh_j1fGT6NI,-T4SVUMS6Vo,S8fC4FC8T4A,KGLe3kBovRI,95uZw_zUFKc,O5kJ69bPDME,Y1pL3lEfZD8,_vr5WMKg9D4,I34Gs5Rjikw,GXrW_8ALE3s,SQSybcPj3lU,iJF4q1lHieg,kEozrfqpoMM,TeEnGO7tW_E
1wm-0wZWFE8,d2SNFxhcONM,OXrYN3nCXOU,ocs_1gYYPTc,qHsOYl6tXik,WzuYJwdWBlA,ORBCuBnRI5c,KkIN74s1kMw,KcFLBqblaac,Eay8dOOyLQo,10FfGGdCcJ4,OVbF1hmgR18,uFMvFKv7Eek,pe_sFTgy_Ac,P_tOv5HfW1s,3Zg2IKbB4jk,XTLCn3hJgxg,HZji6MIYU0c,3rQpF0jikao,hlWMM1_AvK4,ifP82U38jp4,ndmaZUoVkG0,e2kqvSgo_eU,eF4G5XaezHE,3rQpF0jikao,Kl6t8SgZ5Gg,zFxiPn0vuTQ,Wcmf1igs9fg,x2kC6iFoY4o,jaR-tvLTdyk,1OkT7dTMuj8,DXY4CwZX8ms,cjlG-nDuTc4,A42ryiyTHQw,wCcLTp8OwgQ,hAPZl1Jlcho,ifP82U38jp4,Ofh9Ha9arNY,TIwV7D5y6QA,LzDFYTa7mjo,BEmiGGpK6U4,W0SvU3AuChk,t28Ibor0LzE,tkc2QjpVu5w,JPor5KG7FNM,4EyqLTGcL_0,KXhJWP29dCA,xJa95sKqQ8c,Ofm2QhMkhmk,gD7-41uGb-Y
Yf5dmooE40w,g6gUCNvRcPc,IeBBiNLkEHc,RbCPEEsRDHc,Nxog34uY17s,5txe308oB90,pE-2xgDpz0o,wA5aLndcaD0,m_Kxzv06XJ8,_vr5WMKg9D4,NJHUOMa4LwE,Y1pL3lEfZD8,2PrbtQMLUyc,RfIE6FKITxc,_aUepoxVWAE,UdJUGA3YaT8,bvm91aF3D-M,DgsQelXM-go,7VcB89aExR0,vHSsdXG8Euw,QkQngTcnMFA,T0EGBchuBgQ,aft4aVTC-tY,KgT5LjBXq_g,IWLfPHlNEm4,yMr4YN2eY1Y,hTIzdT5WQao,fNsp1Hgjpe8,VCOYVwydODY,-0xxZd1GY1M,C9zNFiDDG6w,lhODmU4c4kc,b5GxMq3T9oY,PqgJhpoeOT8,19Yxpl-zwRs,unTDdJoqU1o,jnbXIh3KuCE,eUv2ehdHwKM,fjDm_OlmAPA,_44bu9tFXZc,fZhRZIqJy-c,ENg3UjSlJKE,Yv3a7Pfy_l4,h1mccGR65CE,DTrPC984Qyc,GBPRwDSgqyI,s5Ma_9dTtZQ,IK-mVOzep68,xcOKTTuH70U,ab5aEOM_e0g
eM5sFx7E69w,vP5zG_OJSH8,0m9DSLp_JKw,BT3n5aTiKDM,4lR03nfiQgc,7zOeTqN_fms,43bQOSP_jpI,Qu74OCNrAnw,U9EYWLcQeHk,N1L8ysxoKZE,FfRIrjUzFME,-nsCOLpj9Fo,_eIVjkNwlPc,jJoEF-GIXBY,z2qZX_dJJ_k,3rQpF0jikao,i1q_qCNjNk8,zeQ3HDSoJoI,ssWw8RccZxo,DXY4CwZX8ms,3lzj5R2Sp8U,6q3X4wVBg3A,B6k3nYpTRvo,ZAOZsg675L8,-FpH2Wzh5OA,Ot2VgsGDv30,8fTt_9Yg1VA,35i9VdJqbdo,l1OzsZI6V5E,E8WqK5P6yRA,kFBEcI2Fhlo,mKoT3HhhJEs,cxl0uaZcnH4,yqmPgsKCrDU,d2SNFxhcONM,i7bQ43czY9k,9zl0a9q3UgA,0nFlwoOoQYc,wq7VCYjf1f0,KkIN74s1kMw,ofe1r9Wen2c,RIRXNBiQkCI,xf-f61GEtXo,Idtsj75qsJE,UyBObcGMFd8,HMukQXce5Po,XC3pBuUChVE,Jqvg_GTsi18,VOspCs4BJ9g,MG-IljYOFmg
s6httSMyO-E,bvm91aF3D-M,FbiNFp5uJII,qtTV1PehH88,MI36h7Fgfus,KGLe3kBovRI,3lzj5R2Sp8U,UqrUcLQrU7Q,yMr4YN2eY1Y,OUIYXVAjvTM,7xlC0kzUX7k,FSeNieIpK7Q,Ya42fYhlIFo,P_tOv5HfW1s,-SS3IDL0tmU,fOI1v-ZITqo,h87BlQHAk88,r5aLUG6JtK0,B-XRJ9EGsoQ,xN1lhvlyUKg,4mIVfb6jyBQ,Mnm9vy0WNLc,lP9xCDek2No,3lzj5R2Sp8U,ebpHlq8W77M,ikKUUDZ0QJk,OmLkNk3QJ4Q,Djvptnwa94A,HaxSzEadMhk,nW9DXoVMhr8,pBguE0-wwGI,zt3EfUCwsa0,l1OzsZI6V5E,rrq-cTAA2Zk,L8e0PywAFcM,0WBrz-EfPPs,k4oc_NDbKWM,ipKBpmErXJQ,FHZgPazugR0,eI33Dl9yzEI,fjeHW0TSx6Y,Y5h3IIs6YDs,uh4jAKqbJM4,e2kqvSgo_eU,aUr_r9mEhTo,2QTzUii5mII,Ot2VgsGDv30,AuvASLvghzk,b7jPVyjLlQk,zmKrBdudaIk
mI8bxDHstlI,14qjbe8f_qE,YXSDR9zqCAY,WGVrdJdNGwg,xExQfAuZyT8,MWF2lARXqBs,wZdIFSoXrno,1sWut4fPIKE,gJnOeGGEubg,-dJC6FVQgns,fKja0MocE2s,5GtOmRzM-t4,mA_HFoI2GEg,14qjbe8f_qE,PoXZohiQ39A,AmJvucyyhng,GBPRwDSgqyI,fNsp1Hgjpe8,XdA_aVzb0qw,mSX58Ru8Pdc,nUXT_JIDDxo,GDUakqx67R4,oUzOaTjwBJY,g6gUCNvRcPc,UXU313ZBMfs,S-lnYwbLAG0,wT77jl_VWOU,zv6AlelJFxA,bq6_TA-Tmdg,qfnBjZNW6c0,RfIE6FKITxc,19Yxpl-zwRs,-dJC6FVQgns,DQY194e7cjs,nwQhBbm_z48,HZji6MIYU0c,PqgJhpoeOT8,ZjsvxuifBzA,PTpebb5aZbg,z2qZX_dJJ_k,EvdtQm98Ysk,aXsJTXtIcks,1wm-0wZWFE8,latdKPwt7aQ,4PZiUtri-l8,pqKKg0x8Iho,t9gQmwFvIh0,Ef1R5WwpF64,19Yxpl-zwRs,Gq8wRXv8maw
le9CDblml90,msDXE9NbzM4,2HJT8SA-Lf0,Y5h3IIs6YDs,wq7VCYjf1f0,jJoEF-GIXBY,dJw0hdvxooU,6j6o85CXnyM,4q7ii3XRHNI,Gq8wRXv8maw,sQceKnrYVFQ,unTDdJoqU1o,eb3bgONtgck,sfonUm4ZPDw,LYoYVDIBGSM,JhR76Y1NSAw,-FpH2Wzh5OA,6Oh9Exf6rCs,yMJLUyeoRcg,DUcD_A-GZfY,necB9sVUNvY,v5lBTY9_bSg,g6gUCNvRcPc,IeBBiNLkEHc,QTgWIzOs1D4,ssWw8RccZxo,fdhf3VjntDc,_m7lK6jp6jY,_m7lK6jp6jY,-TbthLpfTBc,P0s-8eIHqi4,IBEVlsSKAnQ,2pZgnaRq9eU,_sMMkI3hIQ0,h6nmGDEi-kg,4Z1DXWDq5Fk,7YZH-5cHSgg,IWLfPHlNEm4,r6vBHDW55_0,uh4jAKqbJM4,Ue7R-O0M3GA,fjDm_OlmAPA,BZM9-XrPYDQ,_KgipwDftno,OmLkNk3QJ4Q,WNI1np3-_hE,SatW8aZ1DI8,MI36h7Fgfus,BZM9-XrPYDQ,-8zFulOfsEA
OXrYN3nCXOU,sZmVOnsy_60,3eneAViB-3s,lklQb2_oXQ4,Ofm2QhMkhmk,94Kz-_yc1as,jIpEApsMUQg,zwuDQPmx5cE,5GtOmRzM-t4,_bZohC5s5Dg,NkRXbW0szM0,LDGQtDibW6E,UcJFkbqdeLc,5m67QTFWSzM,UEWTG9yFfB0,_m7lK6jp6jY,vglMWd0aV2k,GXrW_8ALE3s,d4uq5rjcXT8,cxl0uaZcnH4,DzSwxAnuArE,4i45QkyxS08,tPPnZI7vZYw,FBoncd-zJb8,ATL6z-KGjC4,Eg_g57pyt_o,vz_dXaKzHSA,NrhldF3vK5M,M1UcM3epXUE,6Oh9Exf6rCs,BZM9-XrPYDQ,uwp15eIa0tw,CQ3zF15781w,h87BlQHAk88,5-SHlfGOphA,QkQngTcnMFA,6Oh9Exf6rCs,hTIzdT5WQao,AFp9A0EItx4,fITZfWXwxv4,KkIN74s1kMw,RfIE6FKITxc,bNEODKqdqXk,XXl5QpdqlA4,lmjNpuC9HCQ,JWJTzilVexg,SPH_OKJxigo,0-w5mc_6_Ms,xN1lhvlyUKg,ICHtUH9kz0E
V5kv6-0bft4,CS5-4mRFy70,exTbluQ18Hw,I6FbDzQko98,ORBCuBnRI5c,vWNfFlXOF58,0W6M_6AsWD0,6q3X4wVBg3A,T4KHpo6hEEA,_teJRjKfK2o,Uxr9BCn4bGM,ATL6z-KGjC4,LNqIltiDxEI,PY5ClG5qpQA,r1TX2RZld6o,yACYQKSxs1k,yoTuPuTpYog,GEQ0OOnRMmI,aUr_r9mEhTo,tPPnZI7vZYw,FBoncd-zJb8,7rRiMbnHRUI,6a8wSCzpUEg,B7zts4Vxuoc,Kgl2wuGAnfU,ywf2gcaXRxA,0WBrz-EfPPs,jMwKT82fDe0,-ewB-qdFiUo,-WccHzHxGtg,fHcEfsuPLlU,Hhe1Si0r16g,wA5aLndcaD0,nUXT_JIDDxo,0CkAQhb1Fec,agYm_Xawb9I,lp9XrG8hjyo,7YZH-5cHSgg,lmjNpuC9HCQ,NX6PxzMTZuU,iAPHgumzp8s,KgT5LjBXq_g,2GZEr_NK9j4,_c8rf1ZqaZI,52fwMyBPXWQ,vz_dXaKzHSA,JN3WZ79U68o,5yUaenoku9c,DFMPA-dNzas,TIwV7D5y6QA
LYoYVDIBGSM,Q6CTT0lWuc4,xIhLpyORlis,iAPHgumzp8s,xWzvIApFRdk,K1l5r1Oq8ec,_ooLjcgB7N4,QGebM6jvXYg,XTLCn3hJgxg,vB2DCJtcxYM,GOwzIDvgRRE,m9WuWrT2gYU,Lad1y5EOtWY,0xBX8tpsH8Q,ZK1NIl13I6M,chzgW-tQFYo,-dJC6FVQgns,ofe1r9Wen2c,kFBEcI2Fhlo,DTrPC984Qyc,cV3RN0Zb430,KI3smNNw8aU,1P0Pmt7uapI,Ap5Rt7Mmb_w,26SwZQvSJJU,PSH_ROdFaJI,DTrPC984Qyc,9dwkz2UdDWg,aS59MDsi1CU,ifP82U38jp4,V1kuBP65xeQ,sSw6sb9njMo,_eIVjkNwlPc,XC3pBuUChVE,Cpzd3IqKs94,zEac88h7lCQ,n654acZQeAQ,c5yjQ2BLlkU,IcEPxnuNkd0,dVjOeNk-Ywg,kFBEcI2Fhlo,NiHmmxdVk-4,K049rm-e04k,mMmX_OmSnuw,Q3KCkeyuhpQ,Pl63xW1rmwg,VOspCs4BJ9g,MGMgaH7BLIg,uYecgcESAOE,fOI1v-ZITqo
046tJD6hihQ,7xlC0kzUX7k,MI36h7Fgfus,JQOZ0SFz9mA,gwERwdySixE,YDYQ_VWqc4A,Ot2VgsGDv30,_sMMkI3hIQ0,zISEH06dR0s,JK50Xdtxj0Q,gwERwdySixE,KQFnT4Kk0z8,9zqA7LgvK8o,iopeUvrYX9Q,V1kuBP65xeQ,UqrUcLQrU7Q,vgInQ9U1q2s,EZG-auyuZp0,51PDm63mr3A,necB9sVUNvY,Oq8dS4vv6Sk,F_el7XzVUKQ,vglMWd0aV2k,GTrPliT4NRM,GY7NSNlUkt8,Gq8wRXv8maw,QS07FVipcUI,W03shilHH50,r1TX2RZld6o,fZhRZIqJy-c,B6k3nYpTRvo,ib1ZdbIRtPk,KkIN74s1kMw,J9hzw5z04ok,1QKmphZlJDs,qR0Qm0QDJ0Y,SsW4npZ0bDk,C7tUVx7SYEI,N1L8ysxoKZE,JWJTzilVexg,e2kqvSgo_eU,aQSSSwa5qx8,PSH_ROdFaJI,ZAOZsg675L8,JGEbzF-p1I4,kFBEcI2Fhlo,eJjE2He8aRY,W0SvU3AuChk,EPI9wV6yIUY,6a8wSCzpUEg
ahjUOTaEFGA,6j6o85CXnyM,u9w2bbDlhQY,sQceKnrYVFQ,p9LPwjgIPfI,HyUkUH4q6dc,QqxAxZlpOKI,-FpH2Wzh5OA,IOmIlzwVmwM,cjwQmJSEBvc,Mnm9vy0WNLc,0HaqL7YO2jc,sSKGqAHRmcg,F-AE8nJjYTo,Kgl2wuGAnfU,tUcJ_ja5ujk,81gzprMwHwY,YXSDR9zqCAY,cjlG-nDuTc4,LFzpKQppobA,0CkAQhb1Fec,HaxSzEadMhk,nPT6jpN9sLo,IUfcjcmUBmc,WVEUlYNJpzw,_KgipwDftno,2JN2To8HLQE,cesHFGPLvwI,vB2DCJtcxYM,zeQ3HDSoJoI,OA9OylhpP6M,9zqA7LgvK8o,QH5LBi8Pwq0,7i4mlx9e2wk,yqmPgsKCrDU,iJk9a4Zyx3I,kEozrfqpoMM,OFlGc4zasLU,Uwoztdxl56Q,fI-1DGibwiA,wCcLTp8OwgQ,ZjsvxuifBzA,nHa-HYQuLNI,gO5q7Wal5zw,wCcLTp8OwgQ,8jO7szsbEcg,qSrWPSOnMFA,bY0n5M0BOPA,EtbTQ4MsBNc,gzqXZw5PFaA
sIQjtcM63XE,Cpzd3IqKs94,LYoYVDIBGSM,Nq0EAdgKUso,PzRzSEy22rU,_6_6SjgBmrg,7b-3XpIDdvM,ndmaZUoVkG0,inYyojbdnc0,RAKzBXxQqnk,fmyhDA9pXf8,mA_HFoI2GEg,4hW0oXgMMR8,zFxiPn0vuTQ,5-SHlfGOphA,hv2VmF790lQ,eUv2ehdHwKM,DaU4tPmuFSA,ZAOZsg675L8,RyWuy_OA288,FKNgAZNBqcI,6NlqaE9hvPw,jfXCaPd4VLY,44o5XsPZAp0,c7SIwhBHd_4,XYtMmukMxM0,9_RTOkGpnx4,nS-zmCptV9s,LYoYVDIBGSM,JonRD_X0xFE,KjRAbJADREk,fOI1v-ZITqo,ZRLfdoRLCfY,hv2VmF790lQ,rEhn2ftOOak,UKyEN6-xFIs,nuPh3NfBzpg,fCUw7Ldb7fs,PxWVYn9gbvE,BvrIM7guDoM,c3GOTIkrwqY,lcGWYR0yWbw,DUcD_A-GZfY,lP9xCDek2No,Yy3rw6zid2g,C_F08keH98E,5-SHlfGOphA,KQFnT4Kk0z8,CScwIBH60gU,agYm_Xawb9I
iopeUvrYX9Q,vz_dXaKzHSA,-IsozC19RxE,kEozrfqpoMM,L_si9NyPUAI,Ue7R-O0M3GA,sjC9rxq0LMc,wpl1dAZVfd8,ZC7ZT-E8eXU,eI33Dl9yzEI,7yTjcs7U34Q,Nq0EAdgKUso,WNI1np3-_hE,f9k9uKldbFs,q5z-SrRO_c4,0HaqL7YO2jc,2cfNWR3ICUI,m8677swByLQ,tKVYzYUT1vs,NEnQBt-kVcg,m8677swByLQ,XHeeYhXCiSA,4mIVfb6jyBQ,HeowaGQPjYE,Mk2SeQadtd4,Iha2yEHG7Tc,kFBEcI2Fhlo,BazXLKFuygs,3lzj5R2Sp8U,atxsWXrsB2I,53BL4Lyqrg0,ROQj-ce1XJU,v3xILYyVyaw,NSYh06ZJd2Y,7rRiMbnHRUI,XRgnkQSjfTU,zwuDQPmx5cE,Qu74OCNrAnw,VQ0hxye_CVQ,mMmX_OmSnuw,D-thBta_56U,NJHUOMa4LwE,IOmIlzwVmwM,oKOFPnLHu2U,rEhn2ftOOak,XTLCn3hJgxg,eF4G5XaezHE,XiM8QXgGqtM,_bZohC5s5Dg,q5z-SrRO_c4
2pZgnaRq9eU,Yv3a7Pfy_l4,fmyhDA9pXf8,Qu74OCNrAnw,43bQOSP_jpI,mKoT3HhhJEs,P6AxmtoLpAU,D-thBta_56U,qLAp9njkYm4,PkWEy5_jIgk,z2qZX_dJJ_k,n8SrNVU72so,S8pGMGeqL-A,F-jQoWf_Iv8,2rhslYeQyaM,r5aLUG6JtK0,uYecgcESAOE,2PrbtQMLUyc,6j6o85CXnyM,6vEuUQ8_USk,LzDFYTa7mjo,UXU313ZBMfs,1QIOeaPidPg,D-thBta_56U,gwnBkqoJpps,yACYQKSxs1k,l56uejyhLhE,Tmcz8zAalHQ,gwnBkqoJpps,-T4SVUMS6Vo,c64PZSmQqhs,JoLn5je8Hjg,MWF2lARXqBs,d7vHoOtfZ2k,le9CDblml90,7i4mlx9e2wk,MqIHoZ-TE1s,ZK1NIl13I6M,GBPRwDSgqyI,lhODmU4c4kc,2QTzUii5mII,ZL9QrpzyNrg,ZOBDAGDILmY,c64PZSmQqhs,0WBrz-EfPPs,5GtOmRzM-t4,Eg_g57pyt_o,GekWwTgd26w,xJa95sKqQ8c,SDlUbufLRvI
7VcB89aExR0,mA_HFoI2GEg,XdA_aVzb0qw,nPT6jpN9sLo,s1bDOMbfpFI,exTbluQ18Hw,Ap5Rt7Mmb_w,I6FbDzQko98,G4NZuHCnYik,hAPZl1Jlcho,I-uk0LLTeJs,pe_sFTgy_Ac,cjwQmJSEBvc,lGaZ6Ciwmg4,CQ3zF15781w,LsylMwHpKIo,W0zAcaRA1qM,mWf9Uz-tMw4,uU3V-n6Aqp8,rn98s54FLDs,53BL4Lyqrg0,OVbF1hmgR18,RJTe_wkuf4Y,2fVZM0DmN34,ZB3-hm4A9rg,sIQjtcM63XE,-RAoRA1a8AU,OgZ8ifCkTVg,zylRUOQ6zVw,cEa-zjr75S4,ETU4Ao_Nmuc,_aktyXRudwk,i1q_qCNjNk8,JhR76Y1NSAw,RLqD2Y0fREQ,ZOBDAGDILmY,2GqLwlDfo18,S8pGMGeqL-A,Yv3a7Pfy_l4,tUcJ_ja5ujk,JPor5KG7FNM,zLP28DvnjoY,Uxr9BCn4bGM,_0OJL7sxfD8,W2dYyQm742k,i1q_qCNjNk8,jjKrMrqf1KQ,tMm8slKRxu4,5NkwKmEZjs8,cEKgV-SHuE4
AZ_6vzsSek4,7MuD_oa1eVw,nGRbrTXeKA0,W0zAcaRA1qM,2fVZM0DmN34,IOmIlzwVmwM,aS59MDsi1CU,-BJtsGa70wk,ld2fN3G9NJ8,7wsPCGzBkw8,MGMgaH7BLIg,ur3KM-lGpbk,8eoXS-AYji8,s6httSMyO-E,4EyqLTGcL_0,ZjsvxuifBzA,_lZOA_b515I,HyUkUH4q6dc,Gq8wRXv8maw,BjoK7msnjtE,pBguE0-wwGI,_KgipwDftno,yqmPgsKCrDU,AFp9A0EItx4,efvafFG7UDk,_0OJL7sxfD8,s5Ma_9dTtZQ,V6Ps98ZJffE,B-aegNb_Z14,mWf9Uz-tMw4,tUcJ_ja5ujk,PDX4Xk1tduI,ZC7ZT-E8eXU,z2qZX_dJJ_k,IeBBiNLkEHc,q5z-SrRO_c4,LzDFYTa7mjo,fHcEfsuPLlU,PkWEy5_jIgk,xavLgJa3WTM,Q-G_aDJrymY,LDGQtDibW6E,6hiRamDF9wk,JhR76Y1NSAw,KXhJWP29dCA,MWF2lARXqBs,xExQfAuZyT8,E8WqK5P6yRA,jXFiQQa5Ajw,7yTjcs7U34Q
d10IN0hCrw4,43bQOSP_jpI,yoTuPuTpYog,UdJUGA3YaT8,GBPRwDSgqyI,x8DieDlqcK8,nvsabTh2MEU,umrKZiTYTCQ,cjlG-nDuTc4,ma27kinKWCo,6NlqaE9hvPw,NdjXNoHU-lQ,SDlUbufLRvI,2GZEr_NK9j4,YKszohgBAs4,vz_dXaKzHSA,XdA_aVzb0qw,Mnm9vy0WNLc,_sMMkI3hIQ0,KeVaCsCSnjk,ocs_1gYYPTc,DFMPA-dNzas,Ef1R5WwpF64,NX6PxzMTZuU,g6gUCNvRcPc,ZK1NIl13I6M,vglMWd0aV2k,Qu74OCNrAnw,7YZH-5cHSgg,046tJD6hihQ,QH5LBi8Pwq0,4hW0oXgMMR8,JoLn5je8Hjg,xcOKTTuH70U,JonRD_X0xFE,x2kC6iFoY4o,xWzvIApFRdk,uW9b6Ofg-tM,jKKGlv45lTQ,bY0n5M0BOPA,HOvnP7ua4Ac,3EnPrpguLwA,5gRSQhqfA_g,fjeHW0TSx6Y,aQ8ACsk14tQ,isMxz2ci-yI,yqmPgsKCrDU,51PDm63mr3A,XdA_aVzb0qw,Eay8dOOyLQo
7S9HsRzfSrw,q8PYt-TDOO8,sQceKnrYVFQ,S8fC4FC8T4A,nHa-HYQuLNI,v5lBTY9_bSg,x8DieDlqcK8,pE-2xgDpz0o,vP5zG_OJSH8,Ppz8XR2hy94,Wcmf1igs9fg,mI8bxDHstlI,uYecgcESAOE,5OXPKvo0G0o,TIwV7D5y6QA,rV9CcXiutis,v3xILYyVyaw,KeVaCsCSnjk,Kgl2wuGAnfU,0-w5mc_6_Ms,8jO7szsbEcg,HUnDVs4nsrM,P4S6SLNpshs,zwuDQPmx5cE,pLkgbeVWMaI,qR0Qm0QDJ0Y,2lL4aQqsZLA,ETU4Ao_Nmuc,BZM9-XrPYDQ,nLaqjtL52iA,43bQOSP_jpI,_aUepoxVWAE,lP9xCDek2No,-h-ZlNRX7-s,ryCB4X2cwnA,-TbthLpfTBc,DuIfez3Vf6c,U83REfxnCKA,FKNgAZNBqcI,gg55GRg3dEc,R7B_VI9X0AE,Ceqq6kQhRKA,-RAoRA1a8AU,3cvFbUUzoOI,lcGWYR0yWbw,ATL6z-KGjC4,1sWut4fPIKE,PzRzSEy22rU,ZjsvxuifBzA,jJoEF-GIXBY
K1l5r1Oq8ec,8Yp9hASgSW0,_lVfpxDbbSc,gERBCBr5BBU,iopeUvrYX9Q,s5Ma_9dTtZQ,s6httSMyO-E,QkQngTcnMFA,lFFKMxBDx0c,k4oc_NDbKWM,kFBEcI2Fhlo,7wsPCGzBkw8,FbiNFp5uJII,qtTV1PehH88,8Yp9hASgSW0,Djvptnwa94A,vz_dXaKzHSA,0xBX8tpsH8Q,q5z-SrRO_c4,Kgl2wuGAnfU,wA5aLndcaD0,_6_6SjgBmrg,tKVYzYUT1vs,gYFwdtrPlVw,isMxz2ci-yI,RfIE6FKITxc,GY7NSNlUkt8,-5zGuFPxW88,Q6CTT0lWuc4,pe_sFTgy_Ac,3rQpF0jikao,-IsozC19RxE,Fe0--yikr6o,rKS9LiPBZK4,U95Ym28LMSU,SDlUbufLRvI,vjjsS-EKJzM,zNTD-OtLiSw,RIRXNBiQkCI,V5kv6-0bft4,wpl1dAZVfd8,0EiyLnfm7ic,U83REfxnCKA,HZji6MIYU0c,K049rm-e04k,UPV6BNRJWxk,sSKGqAHRmcg,HZji6MIYU0c,-DG6dpFt5ZE,mI8bxDHstlI
7yTjcs7U34Q,eb3bgONtgck,Y1pL3lEfZD8,vglMWd0aV2k,WGVrdJdNGwg,JonRD_X0xFE,WGVrdJdNGwg,FfRIrjUzFME,AuvASLvghzk,q8PYt-TDOO8,v5lBTY9_bSg,im0WJD0kfao,7rRiMbnHRUI,_oPLGu0hTr0,yLT_2AGr1fY,RJTe_wkuf4Y,ahjUOTaEFGA,4hW0oXgMMR8,msDXE9NbzM4,VDOWnn4jDm8,L8e0PywAFcM,gERBCBr5BBU,ZKvJ-Pwt-Ew,-6XRWcJ0LgE,5yUaenoku9c,ZKvJ-Pwt-Ew,Wv0qzapcKsM,EvdtQm98Ysk,7b-3XpIDdvM,Q6CTT0lWuc4,ROQj-ce1XJU,6q3X4wVBg3A,IBq01ksnflI,wCcLTp8OwgQ,yyXR8iKhWXE,fKja0MocE2s,cV3RN0Zb430,cSp4-GXzWnU,XTLCn3hJgxg,-dJC6FVQgns,Uwoztdxl56Q,NtfPwojyuo0,6iGe5NLdao0,-TgYToAZ7ho,t9gQmwFvIh0,mSX58Ru8Pdc,LDGQtDibW6E,Pl63xW1rmwg,-ewB-qdFiUo,BEmiGGpK6U4
qHsOYl6tXik,aft4aVTC-tY,JGEbzF-p1I4,4mIVfb6jyBQ,_0OJL7sxfD8,qXPD0Duuf04,Q_UFcUezxIE,5Fjh07WJQxs,QkQngTcnMFA,u8U-Rj4kvC4,lsnmZmo-3Hk,d2SNFxhcONM,IWLfPHlNEm4,g7R10lqzzKg,T0EGBchuBgQ,qtTV1PehH88,0CkAQhb1Fec,3EnPrpguLwA,lGaZ6Ciwmg4,hjlDHaasm6c,-5zGuFPxW88,Uwoztdxl56Q,WVEUlYNJpzw,BvrIM7guDoM,v-DjDBgoG0I,sv9T3pMkLyk,j-7ISKNqz6w,5vghpxTlyLI,IOmIlzwVmwM,vHSsdXG8Euw,qWxBGAKQ960,uYecgcESAOE,ZjZ-9qsaL7s,AZ_6vzsSek4,_teJRjKfK2o,-S2wQaaLKJc,51PDm63mr3A,nUXT_JIDDxo,eJREwpzb_7w,GY7NSNlUkt8,1QIOeaPidPg,caJ3ZR00XkQ,vF4t58gil1k,l56uejyhLhE,RuUI9gVClZU,046tJD6hihQ,6xW3HVSP1bY,_44bu9tFXZc,JonRD_X0xFE,h1mccGR65CE
SKgtWvJFLTA,lcGWYR0yWbw,xYxEgmqcwos,vz_dXaKzHSA,mGKICYBpX0I,52fwMyBPXWQ,fmyhDA9pXf8,IOmIlzwVmwM,kEozrfqpoMM,-T4SVUMS6Vo,ryCB4X2cwnA,JvnXTYHEckc,latdKPwt7aQ,agYm_Xawb9I,IOSrSG1ew1Y,P0s-8eIHqi4,-RAoRA1a8AU,GOwzIDvgRRE,_lZOA_b515I,PY5ClG5qpQA,TIwV7D5y6QA,gzqXZw5PFaA,zt3EfUCwsa0,R7B_VI9X0AE,-5zGuFPxW88,gg55GRg3dEc,umrKZiTYTCQ,4PZiUtri-l8,Ya42fYhlIFo,ZjsvxuifBzA,Yv0AvwxfxVQ,KcFLBqblaac,-vFhw4RIBqQ,3Zg2IKbB4jk,x4bdOLFdGrg,9pnL3R2hpBE,PDX4Xk1tduI,gwERwdySixE,yyXR8iKhWXE,PzRzSEy22rU,hAPZl1Jlcho,_bZohC5s5Dg,sX7q-PGi4Gk,W0zAcaRA1qM,SDlUbufLRvI,AKQExWE_o5g,eM2haGTdw5s,fHcEfsuPLlU,_1VQFhCjByc,HUnDVs4nsrM
q8PYt-TDOO8,bnaXvm5NlGk,gwERwdySixE,TlwvvqOTuFw,ZL9QrpzyNrg,atxsWXrsB2I,nLaqjtL52iA,FyIXEbFmkrU,N1L8ysxoKZE,P0s-8eIHqi4,NtUOOFc1eXw,aft4aVTC-tY,qR0Qm0QDJ0Y,-2jqXcl5upo,l1OzsZI6V5E,BZM9-XrPYDQ,OPrC8pKuIjc,-TgYToAZ7ho,lp9XrG8hjyo,h6nmGDEi-kg,qSrWPSOnMFA,9zqA7LgvK8o,7xlC0kzUX7k,bq6_TA-Tmdg,Y1pL3lEfZD8,AKQExWE_o5g,OXrYN3nCXOU,PqZg9WRR__8,qR0Qm0QDJ0Y,ndmaZUoVkG0,Yv3a7Pfy_l4,yACYQKSxs1k,m_Kxzv06XJ8,cjlG-nDuTc4,ydVYozMwQMw,Q3KCkeyuhpQ,gRl-m-u3he0,Djvptnwa94A,IOmIlzwVmwM,Ep0AAvc95p0,xYxEgmqcwos,Ya42fYhlIFo,YXS3VfWetus,1VMobe6Ugsk,TeEnGO7tW_E,y__HPTDB0zg,7i4mlx9e2wk,81gzprMwHwY,OCvdy2OxTVA,046tJD6hihQ
TLTX1THUm-Y,ZjZ-9qsaL7s,nR1o3ZiOyfg,G4NZuHCnYik,c9yc8X16w8c,LYoYVDIBGSM,fOlGWG2hKGY,1_vRANOnC6c,AnZFpcMRiIk,1sWut4fPIKE,44o5XsPZAp0,RAKzBXxQqnk,3lzj5R2Sp8U,v5lBTY9_bSg,mgbvbPyMFhs,0CkAQhb1Fec,W2dYyQm742k,_0OJL7sxfD8,eh_j1fGT6NI,550k83q4HG0,OmLkNk3QJ4Q,9KYGqMc5K74,K1l5r1Oq8ec,NrhldF3vK5M,m8677swByLQ,KcFLBqblaac,5DhIII1G0yc,qLAp9njkYm4,RkXNOU7epjg,sZmVOnsy_60,DQY194e7cjs,YFu_MCb_z1U,2zDPpapXm1s,10FfGGdCcJ4,gwERwdySixE,aVpaMU3M2eg,_aUepoxVWAE,cDSCct0eeUs,ZK1NIl13I6M,Qx96rCVBEu8,gGBORkpAkIU,UKyEN6-xFIs,lp9XrG8hjyo,U83REfxnCKA,zGA2MWNnsoU,wCcLTp8OwgQ,Ap5Rt7Mmb_w,9zl0a9q3UgA,-T4SVUMS6Vo,XRgnkQSjfTU
qL-5e9-IpC0,ZAOZsg675L8,VOspCs4BJ9g,ZL9QrpzyNrg,qEP6okCgc4E,3ZVGFEl52bE,FbZG25p8cXU,PXBL-CL81xk,XRgnkQSjfTU,2lL4aQqsZLA,XYrFxs2dvf4,cjlG-nDuTc4,Hhe1Si0r16g,defEGgI1QuU,NSYh06ZJd2Y,8eoXS-AYji8,-TbthLpfTBc,-TbthLpfTBc,NkRXbW0szM0,TlwvvqOTuFw,GcfSejSdE9Y,l56uejyhLhE,xIhLpyORlis,cDSCct0eeUs,DaU4tPmuFSA,JWJTzilVexg,q0PF_jRy4kQ,2QTzUii5mII,2GZEr_NK9j4,Ujc4mfyCYu8,gGBORkpAkIU,yLT_2AGr1fY,_teJRjKfK2o,4PZiUtri-l8,4q7ii3XRHNI,Fe0--yikr6o,Ofm2QhMkhmk,DQY194e7cjs,tPPnZI7vZYw,1VMobe6Ugsk,nPT6jpN9sLo,G7Gaxxt9PrY,cxl0uaZcnH4,26SwZQvSJJU,-RAoRA1a8AU,dKmkwhI_cZI,fI-1DGibwiA,sv9T3pMkLyk,2ZlDfhdrzxw,Pl63xW1rmwg
NK5gnwCABbU,JMnEl_hhEdw,E9lpqZ9YXVw,S-lnYwbLAG0,4Z1DXWDq5Fk,mi3pjvyeNWY,J6wUmiJpfv0,WbYWweg0_jc,nW9DXoVMhr8,2PrbtQMLUyc,zv6AlelJFxA,y__HPTDB0zg,CQ3zF15781w,pKB4OEHEo4s,qEP6okCgc4E,W0zAcaRA1qM,OXrYN3nCXOU,K45QrOmYIJ4,JvnXTYHEckc,aVpaMU3M2eg,550k83q4HG0,_SuuP7qM5EI,pLkgbeVWMaI,YFu_MCb_z1U,NdjXNoHU-lQ,aUr_r9mEhTo,ZGR92oxetBQ,PTpebb5aZbg,9l8Du259QB4,smCcIFiVU1A,7yTjcs7U34Q,xf-f61GEtXo,6iGe5NLdao0,_UWoh7Yj3Fo,I34Gs5Rjikw,vHSsdXG8Euw,lklQb2_oXQ4,k4oc_NDbKWM,81gzprMwHwY,35i9VdJqbdo,QnO5N0NobeM,pe_sFTgy_Ac,-FpH2Wzh5OA,nGRbrTXeKA0,xcOKTTuH70U,s1bDOMbfpFI,Mnm9vy0WNLc,0-v5v91Y4U4,XmQe_GAcWq8,-TgYToAZ7ho
zISEH06dR0s,tUcJ_ja5ujk,Kgl2wuGAnfU,Ya42fYhlIFo,KgT5LjBXq_g,-6XRWcJ0LgE,Ch415O-YTHM,qXPD0Duuf04,CScwIBH60gU,M1UcM3epXUE,KeiDtnmeqW0,defEGgI1QuU,52fwMyBPXWQ,rEhn2ftOOak,WzuYJwdWBlA,lmjNpuC9HCQ,7b-3XpIDdvM,I-uk0LLTeJs,-riLtQ53ihE,K5IRslzEBAQ,MI36h7Fgfus,T4KHpo6hEEA,aS59MDsi1CU,PXBL-CL81xk,QqxAxZlpOKI,smCcIFiVU1A,KgT5LjBXq_g,lFFKMxBDx0c,ZC7ZT-E8eXU,PTpebb5aZbg,2QB1Ghekfb0,6Oh9Exf6rCs,_6_6SjgBmrg,T4KHpo6hEEA,vDgWIgTzu78,xCYPVs5nVns,d4uq5rjcXT8,8jO7szsbEcg,d2SNFxhcONM,6q3X4wVBg3A,550k83q4HG0,-0xxZd1GY1M,8PbZjHyKiyo,Ur8KmEHMYig,ENg3UjSlJKE,P6AxmtoLpAU,u6laO5niHvI,OFlGc4zasLU,Ot2VgsGDv30,c3GOTIkrwqY
2zDPpapXm1s,LFzpKQppobA,jMwKT82fDe0,d7vHoOtfZ2k,T4KHpo6hEEA,UPV6BNRJWxk,MWF2lARXqBs,5vghpxTlyLI,FKNgAZNBqcI,ZL9QrpzyNrg,F-AE8nJjYTo,GY7NSNlUkt8,OUIYXVAjvTM,JN3WZ79U68o,D2o4qr4voQw,JPor5KG7FNM,rn98s54FLDs,486_pGz-sSU,_6_6SjgBmrg,umrKZiTYTCQ,kx3IiybSYno,inYyojbdnc0,yF4v0bYTYKM,kquf5Jus_e4,qd4T3p5cLwA,xWzvIApFRdk,sv9T3pMkLyk,2cfNWR3ICUI,bNEODKqdqXk,WU592_SOPKI,zISEH06dR0s,GAg1AlTV5xM,4Z1DXWDq5Fk,Eay8dOOyLQo,-6XRWcJ0LgE,sSw6sb9njMo,w23dtl55HDA,4Z1DXWDq5Fk,IWLfPHlNEm4,Eay8dOOyLQo,XRgnkQSjfTU,wq7VCYjf1f0,v3xILYyVyaw,RJTe_wkuf4Y,gO5q7Wal5zw,Nq0EAdgKUso,isMxz2ci-yI,pb7MR59s1Z0,486_pGz-sSU,zLP28DvnjoY
